商品名稱,新商品名稱,大分類,小分類,
(必點)極品十貫壽司,(必點)極品十貫壽司-,1壽司刺身,手卷/壽司（菜單）,
(推薦)炙燒比目魚鰭邊握壽司/2貫,(推薦)炙燒比目魚鰭邊握壽司/2貫-,1壽司刺身,手卷/壽司（菜單）,
(推薦)炙燒比目魚鰭邊握壽司/2貫*,(推薦)炙燒比目魚鰭邊握壽司/2貫-,1壽司刺身,手卷/壽司（菜單）,
(推薦)炙燒焦糖鮭魚握壽司/2貫,(推薦)炙燒焦糖鮭魚握壽司/2貫-,1壽司刺身,手卷/壽司（菜單）,
九州青干/貫,九州青干/貫-,1壽司刺身,手卷/壽司（菜單）,
九州青干握壽司/2貫,九州青干握壽司/2貫-,1壽司刺身,手卷/壽司（菜單）,
干貝蟹膏握壽司,干貝蟹膏握壽司-,1壽司刺身,手卷/壽司（菜單）,
天使蝦/隻,天使蝦/隻-,1壽司刺身,手卷/壽司（菜單）,
手卷(招待),手卷(招待)-,1壽司刺身,手卷/壽司（菜單）,
比目魚握壽司/貫,比目魚握壽司/貫-,1壽司刺身,手卷/壽司（菜單）,
北海道干貝/貫,北海道干貝/貫-,1壽司刺身,手卷/壽司（菜單）,
北海道海膽,北海道海膽/貫-,1壽司刺身,手卷/壽司（菜單）,
北海道海膽/貫,北海道海膽/貫-,1壽司刺身,手卷/壽司（菜單）,
北海道海膽手卷,北海道海膽手卷-,1壽司刺身,手卷/壽司（菜單）,
北海道海膽手卷/支,北海道海膽手卷-,1壽司刺身,手卷/壽司（菜單）,
本港紅甘/貫,本港紅甘/貫-,1壽司刺身,手卷/壽司（菜單）,
本港紅甘握壽司/2貫,本港紅甘握壽司/2貫-,1壽司刺身,手卷/壽司（菜單）,
本港紅甘握壽司/2貫*,本港紅甘握壽司/2貫-,1壽司刺身,手卷/壽司（菜單）,
生魚片蛋糕,生魚片蛋糕-,1壽司刺身,手卷/壽司（菜單）,
松葉蟹握壽司,松葉蟹握壽司-,1壽司刺身,手卷/壽司（菜單）,
炙比目魚握壽司/貫,炙比目魚握壽司/貫-,1壽司刺身,手卷/壽司（菜單）,
炙焦糖鮭魚握壽司/貫,炙焦糖鮭魚握壽司/貫-,1壽司刺身,手卷/壽司（菜單）,
炙燒比目魚緣側/貫,炙燒比目魚緣側/貫-,1壽司刺身,手卷/壽司（菜單）,
炙燒焦糖鮭魚/貫,炙燒焦糖鮭魚/貫-,1壽司刺身,手卷/壽司（菜單）,
炙鰈魚鰭邊握/貫,炙鰈魚鰭邊握/貫-,1壽司刺身,手卷/壽司（菜單）,
星鰻握壽司/貫,星鰻握壽司/貫-,1壽司刺身,手卷/壽司（菜單）,
星鰻鮭魚卵/貫,星鰻鮭魚卵/貫-,1壽司刺身,手卷/壽司（菜單）,
海膽手捲,海膽手捲-,1壽司刺身,手卷/壽司（菜單）,
握壽司配(時價),握壽司搭配-,1壽司刺身,手卷/壽司（菜單）,
握壽司搭配,握壽司搭配-,1壽司刺身,手卷/壽司（菜單）,
焦糖鮭魚握壽司/貫,焦糖鮭魚握壽司/貫-,1壽司刺身,手卷/壽司（菜單）,
黑鮪魚大腹握壽司,黑鮪魚大腹握壽司-,1壽司刺身,手卷/壽司（菜單）,
極品十貫握壽司,極品十貫握壽司-,1壽司刺身,手卷/壽司（菜單）,
極品十貫壽司,極品十貫握壽司-,1壽司刺身,手卷/壽司（菜單）,
極品六貫壽司,極品六貫壽司-,1壽司刺身,手卷/壽司（菜單）,
十貫握壽司,極品握壽司/十貫-,1壽司刺身,手卷/壽司（菜單）,
極品握壽司/十貫,極品握壽司/十貫-,1壽司刺身,手卷/壽司（菜單）,
經典握壽司/六貫,經典握壽司/六貫-,1壽司刺身,手卷/壽司（菜單）,
豪華花壽司,豪華花壽司-,1壽司刺身,手卷/壽司（菜單）,
鮭魚卵小菜,鮭魚卵小菜-,1壽司刺身,手卷/壽司（菜單）,
鮭魚卵手卷,鮭魚卵手卷/支-,1壽司刺身,手卷/壽司（菜單）,
鮭魚卵手卷/支,鮭魚卵手卷/支-,1壽司刺身,手卷/壽司（菜單）,
鮭魚握壽司,鮭魚握壽司-,1壽司刺身,手卷/壽司（菜單）,
鮭魚握壽司/2貫,鮭魚握壽司/2貫-,1壽司刺身,手卷/壽司（菜單）,
鮮蝦蘆筍手卷,鮮蝦蘆筍手卷-,1壽司刺身,手卷/壽司（菜單）,
鮮蝦蘆筍手卷/支,鮮蝦蘆筍手卷-,1壽司刺身,手卷/壽司（菜單）,
醬煮星鰻/貫,醬煮星鰻/貫-,1壽司刺身,手卷/壽司（菜單）,
醬煮星鰻握壽司/2貫,醬煮星鰻握壽司/2貫-,1壽司刺身,手卷/壽司（菜單）,
醬煮星鰻握壽司/2貫*,醬煮星鰻握壽司/2貫-,1壽司刺身,手卷/壽司（菜單）,
醬漬鮭魚卵/貫,醬漬鮭魚卵/貫-,1壽司刺身,手卷/壽司（菜單）,
醬燒星鰻握壽司/貫,醬燒星鰻握壽司/貫-,1壽司刺身,手卷/壽司（菜單）,
鵝肝/貫,鵝肝/貫-,1壽司刺身,手卷/壽司（菜單）,
(必點)綜合刺身/九切,(必點)綜合刺身/九切-,1壽司刺身,刺身/蓋飯（菜單）,
(限量)痛風五兄弟蓋飯,(限量)痛風五兄弟蓋飯-,1壽司刺身,刺身/蓋飯（菜單）,
(限量)黑鮪魚松露海膽蓋飯,(限量)黑鮪魚松露海膽蓋飯-,1壽司刺身,刺身/蓋飯（菜單）,
(限量)黑鮪魚花見丼,(限量)黑鮪魚花見丼* ,1壽司刺身,刺身/蓋飯（菜單）,
(限量)黑鮪魚海膽花見丼,(限量)黑鮪魚海膽花見丼-,1壽司刺身,刺身/蓋飯（菜單）,
(高cp值)極品海景蓋飯,(高cp值)極品海景蓋飯- ,1壽司刺身,刺身/蓋飯（菜單）,
(高cp值)極品海景蓋飯*,(高cp值)極品海景蓋飯- ,1壽司刺身,刺身/蓋飯（菜單）,
(推薦)炙燒黑鮪魚四重奏蓋飯,(推薦)炙燒黑鮪魚四重奏蓋飯-,1壽司刺身,刺身/蓋飯（菜單）,
(推薦)黑鮪魚四重奏蓋飯,(推薦)炙燒黑鮪魚四重奏蓋飯-,1壽司刺身,刺身/蓋飯（菜單）,
(推薦)黑鮪魚四重奏蓋飯*,(推薦)炙燒黑鮪魚四重奏蓋飯-,1壽司刺身,刺身/蓋飯（菜單）,
(新品)炙燒比目魚鰭星鰻佐鮭魚卵蓋飯,(新品)炙燒比目魚鰭星鰻佐鮭魚卵蓋飯* ,1壽司刺身,刺身/蓋飯（菜單）,
(新品)炙燒比目魚鰭星鰻佐鮭魚卵蓋飯*,(新品)炙燒比目魚鰭星鰻佐鮭魚卵蓋飯* ,1壽司刺身,刺身/蓋飯（菜單）,
(新品)醬燒黑鮪魚肚蓋飯,(新品)醬燒黑鮪魚肚蓋飯-,1壽司刺身,刺身/蓋飯（菜單）,
(新品)醬燒黑鮪魚蓋飯,(新品)醬燒黑鮪魚蓋飯-,1壽司刺身,刺身/蓋飯（菜單）,
(需預訂)父親節特製六吋刺身蛋糕,(需預訂)父親節特製六吋刺身蛋糕-,1壽司刺身,刺身/蓋飯（菜單）,
(需預訂)直火烤有馬山椒鰻魚飯,(需預訂)直火烤有馬山椒鰻魚飯-,1壽司刺身,刺身/蓋飯（菜單）,
(熱銷)人氣散壽司蓋飯,(熱銷)人氣散壽司蓋飯* ,1壽司刺身,刺身/蓋飯（菜單）,
(熱銷)人氣散壽司蓋飯*,(熱銷)人氣散壽司蓋飯* ,1壽司刺身,刺身/蓋飯（菜單）,
(熱銷)比目魚鰭花見丼蓋飯,(熱銷)比目魚鰭花見丼蓋飯* ,1壽司刺身,刺身/蓋飯（菜單）,
(熱銷)比目魚鰭花見丼蓋飯*,(熱銷)比目魚鰭花見丼蓋飯* ,1壽司刺身,刺身/蓋飯（菜單）,
(熱銷)明太子比目魚緣撤-星鰻蓋飯,(熱銷)明太子比目魚緣撤-星鰻蓋飯-,1壽司刺身,刺身/蓋飯（菜單）,
(熱銷)黑鮪魚醬漬蓋飯,(熱銷)黑鮪魚醬漬蓋飯-,1壽司刺身,刺身/蓋飯（菜單）,
比目魚四色蓋飯,比目魚四色蓋飯-,1壽司刺身,刺身/蓋飯（菜單）,
(熱銷)炙燒鮭魚親子蓋飯,炙燒鮭魚親子蓋飯-,1壽司刺身,刺身/蓋飯（菜單）,
(熱銷)炙燒鮭魚親子蓋飯*,炙燒鮭魚親子蓋飯-,1壽司刺身,刺身/蓋飯（菜單）,
(熱銷)鮭魚親子蓋飯,炙燒鮭魚親子蓋飯-,1壽司刺身,刺身/蓋飯（菜單）,
炙燒鮭魚親子蓋飯,炙燒鮭魚親子蓋飯-,1壽司刺身,刺身/蓋飯（菜單）,
*炙燒鮭魚親子蓋飯,炙燒鮭魚親子蓋飯-,1壽司刺身,刺身/蓋飯（菜單）,
陶膳繽紛花見丼,陶膳繽紛花見丼-,1壽司刺身,刺身/蓋飯（菜單）,
極上刺身盛合/15切,極上刺身盛合/15切 ,1壽司刺身,刺身/蓋飯（菜單）,
極品散壽司,極品散壽司-,1壽司刺身,刺身/蓋飯（菜單）,
綜合刺身 九切,綜合刺身 九切-,1壽司刺身,刺身/蓋飯（菜單）,
綜合刺身/九切,綜合刺身 九切-,1壽司刺身,刺身/蓋飯（菜單）,
*綜合刺身9切,綜合刺身 九切-,1壽司刺身,刺身/蓋飯（菜單）,
大蛤,大蛤-,2黑板料理,季節食材/黑板菜單,
父親節刺身蛋糕(5吋),父親節刺身蛋糕(5吋)-,2黑板料理,季節食材/黑板菜單,
牛奶貝,牛奶貝-,2黑板料理,季節食材/黑板菜單,
牛肉片100克（壽喜燒）,牛肉片100克（壽喜燒）-,2黑板料理,季節食材/黑板菜單,
牛肉壽喜燒,牛肉壽喜燒-,2黑板料理,季節食材/黑板菜單,
生山葵,生山葵-,2黑板料理,季節食材/黑板菜單,
白灼藍鑽蝦,白灼藍鑽蝦-,2黑板料理,季節食材/黑板菜單,
白貝,白貝-,2黑板料理,季節食材/黑板菜單,
羊肩排,羊肩排-,2黑板料理,季節食材/黑板菜單,
羊排,羊排-,2黑板料理,季節食材/黑板菜單,
肋眼牛,肋眼牛-,2黑板料理,季節食材/黑板菜單,
孜然羊肩排,孜然羊肩排-,2黑板料理,季節食材/黑板菜單,
沙瓜子,沙瓜子-,2黑板料理,季節食材/黑板菜單,
刺身蛋糕,刺身蛋糕-,2黑板料理,季節食材/黑板菜單,
松露烘蛋,松露烘蛋-,2黑板料理,季節食材/黑板菜單,
爸氣套餐（鰻魚箱壽司+伊比利豬）,爸氣套餐（鰻魚箱壽司+伊比利豬）-,2黑板料理,季節食材/黑板菜單,
花蛤,花蛤-,2黑板料理,季節食材/黑板菜單,
青甘白子,青甘白子-,2黑板料理,季節食材/黑板菜單,
青魨唐揚,青魨唐揚-,2黑板料理,季節食材/黑板菜單,
青醬戰斧豬,青醬戰斧豬-,2黑板料理,季節食材/黑板菜單,
活中卷,活中卷-,2黑板料理,季節食材/黑板菜單,
紅酒羊煎排,紅酒羊煎排-,2黑板料理,季節食材/黑板菜單,
香箱蟹,香箱蟹-,2黑板料理,季節食材/黑板菜單,
海瓜子,海瓜子-,2黑板料理,季節食材/黑板菜單,
海螺,海螺-,2黑板料理,季節食材/黑板菜單,
烏魚腱,烏魚腱-,2黑板料理,季節食材/黑板菜單,
酒蒸咪咪卷,酒蒸咪咪卷-,2黑板料理,季節食材/黑板菜單,
乾煎白子,乾煎白子-,2黑板料理,季節食材/黑板菜單,
乾煎青干白子,乾煎青干白子,2黑板料理,季節食材/黑板菜單,
清蒸紙包魚,清蒸紙包魚-,2黑板料理,季節食材/黑板菜單,
魚頭薑汁,魚頭薑汁-,2黑板料理,季節食材/黑板菜單,
麻油烏魚膘,麻油烏魚膘-,2黑板料理,季節食材/黑板菜單,
雲蛤,雲蛤-,2黑板料理,季節食材/黑板菜單,
雲蛤薑汁,雲蛤薑汁-,2黑板料理,季節食材/黑板菜單,
楊桃豆,楊桃豆-,2黑板料理,季節食材/黑板菜單,
煙燻軟絲,煙燻軟絲-,2黑板料理,季節食材/黑板菜單,
旗魚炒蒜苗,旗魚炒蒜苗-,2黑板料理,季節食材/黑板菜單,
鳳尾螺,鳳尾螺-,2黑板料理,季節食材/黑板菜單,
蕃茄波特貝勒菇,蕃茄波特貝勒菇-,2黑板料理,季節食材/黑板菜單,
鮑魚天婦羅,鮑魚天婦羅-,2黑板料理,季節食材/黑板菜單,
鮭魚唐揚佐塔塔醬/2片,鮭魚唐揚佐塔塔醬/2片-,2黑板料理,季節食材/黑板菜單,
A5翼板和牛,A5翼板和牛-,2黑板料理,季節食材/黑板菜單,
日式炒烏龍,日式炒烏龍-,2黑板料理,炒物/黑板料理,
味噌牛筋煮,味噌牛筋煮-,2黑板料理,炒物/黑板料理,
油蔥蠑螺,油蔥蠑螺-,2黑板料理,炒物/黑板料理,
酒蒸中卷,酒蒸中卷-,2黑板料理,炒物/黑板料理,
酒蒸中捲,酒蒸中卷-,2黑板料理,炒物/黑板料理,
酒蒸中卷*,酒蒸中卷-,2黑板料理,炒物/黑板料理,
酒蒸海大蝦,酒蒸海大蝦 ,2黑板料理,炒物/黑板料理,
酒蒸蛤,酒蒸蛤蜊-,2黑板料理,炒物/黑板料理,
酒蒸蛤蜊,酒蒸蛤蜊-,2黑板料理,炒物/黑板料理,
曼波魚炒,曼波魚炒-,2黑板料理,炒物/黑板料理,
曼波魚炒蒜苗,曼波魚炒蒜苗-,2黑板料理,炒物/黑板料理,
陶板牛肉,陶板牛肉-,2黑板料理,炒物/黑板料理,
陶板牛肉*,陶板牛肉-,2黑板料理,炒物/黑板料理,
椒鹽無眼曼,椒鹽無眼鰻-,2黑板料理,炒物/黑板料理,
椒鹽無眼鰻,椒鹽無眼鰻-,2黑板料理,炒物/黑板料理,
干貝白蘆筍,干貝白蘆筍 ,2黑板料理,前菜沙拉/黑板料理,
巴伐洛,巴伐洛-,2黑板料理,前菜沙拉/黑板料理,
日本銀杏,日本銀杏-,2黑板料理,前菜沙拉/黑板料理,
木瓜螺海藻,木瓜螺海藻-,2黑板料理,前菜沙拉/黑板料理,
水雲醋,水雲醋-,2黑板料理,前菜沙拉/黑板料理,
加泰隆尼亞燉牛肚,加泰隆尼亞燉牛肚-,2黑板料理,前菜沙拉/黑板料理,
布拉塔火腿沙拉,布拉塔火腿沙拉-,2黑板料理,前菜沙拉/黑板料理,
伊比利黑標火腿(22元/1克),伊比利黑標火腿(22元/1克)-,2黑板料理,前菜沙拉/黑板料理,
伊比利黑標火腿(30克),伊比利黑標火腿(30克)-,2黑板料理,前菜沙拉/黑板料理,
冰卷,冰卷/隻-,2黑板料理,前菜沙拉/黑板料理,
合鴨沙拉,合鴨沙拉-,2黑板料理,前菜沙拉/黑板料理,
安康魚肝果醋,安康魚肝果醋-,2黑板料理,前菜沙拉/黑板料理,
米布丁,米布丁-,2黑板料理,前菜沙拉/黑板料理,
沙公馬鈴薯沙拉,沙公馬鈴薯沙拉-,2黑板料理,前菜沙拉/黑板料理,
京都湯葉,京都湯葉-,2黑板料理,前菜沙拉/黑板料理,
和牛半敲燒,和牛半敲燒-,2黑板料理,前菜沙拉/黑板料理,
松葉蟹春野菜沙拉,松葉蟹春野菜沙拉-,2黑板料理,前菜沙拉/黑板料理,
松露堅果起司,松露堅果起司-,2黑板料理,前菜沙拉/黑板料理,
芥末山藥,芥末山藥-,2黑板料理,前菜沙拉/黑板料理,
芥末章魚,芥末章魚-,2黑板料理,前菜沙拉/黑板料理,
金平蓮藕,金平蓮藕,2黑板料理,前菜沙拉/黑板料理,
厚蛋燒,厚蛋燒-,2黑板料理,前菜沙拉/黑板料理,
咪咪卷沖漬,咪咪卷沖漬-,2黑板料理,前菜沙拉/黑板料理,
哈密瓜火腿沙拉（20克）,哈密瓜火腿沙拉（20克）-,2黑板料理,前菜沙拉/黑板料理,
哈囉米起司沙拉,哈囉米起司沙拉-,2黑板料理,前菜沙拉/黑板料理,
香魚甘露煮,香魚甘露煮-,2黑板料理,前菜沙拉/黑板料理,
海膽小菜*,海膽小菜-,2黑板料理,前菜沙拉/黑板料理,
北海道海膽小菜,海膽小菜-,2黑板料理,前菜沙拉/黑板料理,
海膽小菜,海膽小菜-,2黑板料理,前菜沙拉/黑板料理,
烏魚子麻糬,烏魚子麻糬-,2黑板料理,前菜沙拉/黑板料理,
起司烏魚子（5片）,起司烏魚子（6片）-,2黑板料理,前菜沙拉/黑板料理,
起司烏魚子（6片）,起司烏魚子（6片）-,2黑板料理,前菜沙拉/黑板料理,
酒煮澳洲黑鲍,酒煮澳洲黑鲍-,2黑板料理,前菜沙拉/黑板料理,
涼筍一支,涼筍一支-,2黑板料理,前菜沙拉/黑板料理,
涼筍半支,涼筍半支-,2黑板料理,前菜沙拉/黑板料理,
春野菜凍,野菜凍-,2黑板料理,前菜沙拉/黑板料理,
野菜凍,野菜凍-,2黑板料理,前菜沙拉/黑板料理,
章魚醋,章魚醋-,2黑板料理,前菜沙拉/黑板料理,
麻辣鳳螺,麻辣鳳螺-,2黑板料理,前菜沙拉/黑板料理,
無花果豆腐醬,無花果豆腐醬-,2黑板料理,前菜沙拉/黑板料理,
黑糖米布丁(六入組),黑糖米布丁/100ml(六入組)-,2黑板料理,前菜沙拉/黑板料理,
黑糖米布丁/100ml(六入組),黑糖米布丁/100ml(六入組)-,2黑板料理,前菜沙拉/黑板料理,
黑糖米布丁/100ml(六入組)*,黑糖米布丁/100ml(六入組)-,2黑板料理,前菜沙拉/黑板料理,
黑糖米布丁(四入組),黑糖米布丁/100ml(六入組)-,2黑板料理,前菜沙拉/黑板料理,
黑糖米布丁/100ml(四入組),黑糖米布丁/100ml(六入組)-,2黑板料理,前菜沙拉/黑板料理,
黑糖米布丁/100ml(四入組)*,黑糖米布丁/100ml(六入組)-,2黑板料理,前菜沙拉/黑板料理,
義式生牛肉,義式生牛肉-,2黑板料理,前菜沙拉/黑板料理,
旗魚肚果醋,旗魚肚果醋-,2黑板料理,前菜沙拉/黑板料理,
辣味螺肉,辣味螺肉-,2黑板料理,前菜沙拉/黑板料理,
辣松露雞肝法棍,辣松露雞肝法棍-,2黑板料理,前菜沙拉/黑板料理,
魟魚翅,魟魚翅-,2黑板料理,前菜沙拉/黑板料理,
鳳螺佃煮,鳳螺佃煮-,2黑板料理,前菜沙拉/黑板料理,
熱布里起司沙拉,熱布里起司沙拉-,2黑板料理,前菜沙拉/黑板料理,
糖心烏魚子,糖心烏魚子-,2黑板料理,前菜沙拉/黑板料理,
鮑魚佃煮,鮑魚佃煮-,2黑板料理,前菜沙拉/黑板料理,
鮑魚佃煮/顆,鮑魚佃煮-,2黑板料理,前菜沙拉/黑板料理,
臘腸無花果沙拉,臘腸無花果沙拉-,2黑板料理,前菜沙拉/黑板料理,
藤壺,藤壺 ,2黑板料理,前菜沙拉/黑板料理,
櫻煮章魚,櫻煮章魚-,2黑板料理,前菜沙拉/黑板料理,
鱈魚白子果醋,鱈魚白子果醋-,2黑板料理,前菜沙拉/黑板料理,
鱈場蟹馬鈴薯沙拉,鱈場蟹馬鈴薯沙拉-,2黑板料理,前菜沙拉/黑板料理,
(推薦)青干下巴,(推薦)青干下巴-,2黑板料理,烤物/黑板料理,
土雞翅/串,土雞翅/串-,2黑板料理,烤物/黑板料理,
中卷雲丹燒,中卷雲丹燒-,2黑板料理,烤物/黑板料理,
牛肉可頌,牛肉可頌-,2黑板料理,烤物/黑板料理,
牛肉串/串,牛肉串/串-,2黑板料理,烤物/黑板料理,
牛肉葡萄串,牛肉葡萄串-,2黑板料理,烤物/黑板料理,
牛舌,牛舌-,2黑板料理,烤物/黑板料理,
玉米筍/5支,玉米筍/5支-,2黑板料理,烤物/黑板料理,
玉米筍/四支,玉米筍/四支-,2黑板料理,烤物/黑板料理,
伊比利豬,伊比利豬-,2黑板料理,烤物/黑板料理,
尖梭一夜干,尖梭一夜干-,2黑板料理,烤物/黑板料理,
竹地雞,竹地雞-,2黑板料理,烤物/黑板料理,
羊小排,羊小排-,2黑板料理,烤物/黑板料理,
味噌大腸燒/串,味噌大腸燒/串-,2黑板料理,烤物/黑板料理,
和牛串,和牛串-,2黑板料理,烤物/黑板料理,
松露薯條,松露薯條-,2黑板料理,烤物/黑板料理,
虱目魚胗/串,虱目魚胗/串-,2黑板料理,烤物/黑板料理,
洋蘑菇,洋蘑菇-,2黑板料理,烤物/黑板料理,
活殺星鰻,活殺星鰻-,2黑板料理,烤物/黑板料理,
茄子串/串,茄子串/串-,2黑板料理,烤物/黑板料理,
香煎羊排/2支,香煎羊排/2支-,2黑板料理,烤物/黑板料理,
香煎羊排/四支,香煎羊排/四支-,2黑板料理,烤物/黑板料理,
剝皮辣椒牛肉串,剝皮辣椒牛肉串-,2黑板料理,烤物/黑板料理,
紐約克/300克,紐約克/300克-,2黑板料理,烤物/黑板料理,
培根泡菜起司串/串,培根泡菜起司串/串-,2黑板料理,烤物/黑板料理,
培根葡萄串,培根葡萄串-,2黑板料理,烤物/黑板料理,
培根銀卷串/串,培根銀卷串/串-,2黑板料理,烤物/黑板料理,
帶骨牛小排,帶骨牛小排-,2黑板料理,烤物/黑板料理,
焗烤竹筍/支,焗烤竹筍/支-,2黑板料理,烤物/黑板料理,
焗烤竹筍/支*,焗烤竹筍/支-,2黑板料理,烤物/黑板料理,
焗烤竹筍一支,焗烤竹筍/支-,2黑板料理,烤物/黑板料理,
焗烤竹筍半支,焗烤竹筍半支-,2黑板料理,烤物/黑板料理,
軟絲頭,軟絲頭-,2黑板料理,烤物/黑板料理,
陶膳鹹豬肉,陶膳鹹豬肉-,2黑板料理,烤物/黑板料理,
麻辣雞心/串,麻辣雞心/串-,2黑板料理,烤物/黑板料理,
湯葉田樂串,湯葉田樂串-,2黑板料理,烤物/黑板料理,
番茄培根/串,番茄培根/串-,2黑板料理,烤物/黑板料理,
番茄培根兩串,番茄培根兩串-,2黑板料理,烤物/黑板料理,
絲瓜串/串,絲瓜串/串-,2黑板料理,烤物/黑板料理,
奧勒岡牛小排,奧勒岡牛小排-,2黑板料理,烤物/黑板料理,
奧勒岡牛小排/160克,奧勒岡牛小排/160克-,2黑板料理,烤物/黑板料理,
奧勒岡牛小排/160克(老饕上蓋）,奧勒岡牛小排/160克(老饕上蓋)-,2黑板料理,烤物/黑板料理,
奧勒岡牛小排/160克(老饕上蓋),奧勒岡牛小排/160克(老饕上蓋)-,2黑板料理,烤物/黑板料理,
奧勒岡牛小排/160克(Prime肋眼心）,奧勒岡牛小排/160克(肋眼心)-,2黑板料理,烤物/黑板料理,
奧勒岡牛小排/160克(肋眼心),奧勒岡牛小排/160克(肋眼心)-,2黑板料理,烤物/黑板料理,
奧勒岡牛小排/160克(Prime),奧勒岡牛小排/160克(Prime)-,2黑板料理,烤物/黑板料理,
奧勒岡牛小排/160克(Prime)*,奧勒岡牛小排/160克(Prime)-,2黑板料理,烤物/黑板料理,
照燒雞心/串,照燒雞心/串-,2黑板料理,烤物/黑板料理,
旗魚柚庵燒,旗魚柚庵燒-,2黑板料理,烤物/黑板料理,
碳烤中卷佐紅椒堅果醬,碳烤中卷佐紅椒堅果醬-,2黑板料理,烤物/黑板料理,
腐竹田樂串,腐竹田樂串-,2黑板料理,烤物/黑板料理,
墨魚花枝/串,墨魚花枝/串-,2黑板料理,烤物/黑板料理,
蕃茄培根/串,蕃茄培根/串-,2黑板料理,烤物/黑板料理,
雞佛,雞佛-,2黑板料理,烤物/黑板料理,
雞橫隔膜,雞橫隔膜-,2黑板料理,烤物/黑板料理,
蘋果絲瓜串/串,蘋果絲瓜串/串-,2黑板料理,烤物/黑板料理,
土雞翅/1串,鹽烤土雞翅/隻-,2黑板料理,烤物/黑板料理,
鹽烤土雞翅/隻,鹽烤土雞翅/隻-,2黑板料理,烤物/黑板料理,
鹽烤大虎蝦,鹽烤大虎蝦-,2黑板料理,烤物/黑板料理,
鹽烤中卷,鹽烤中卷-,2黑板料理,烤物/黑板料理,
鹽烤牛肉串/串,鹽烤牛肉串/串-,2黑板料理,烤物/黑板料理,
鹽烤海蝦,鹽烤海蝦-,2黑板料理,烤物/黑板料理,
(現撈野生)鹽烤馬頭魚/1.3斤重,(現撈野生)鹽烤馬頭魚/1.3斤重-,2黑板料理,魚類,
八角魚,八角魚-,2黑板料理,魚類,
三牙,三牙-,2黑板料理,魚類,
土魠（時價）,土魠（時價）-,2黑板料理,魚類,
小黑鮪/貫,小黑鮪/貫-,2黑板料理,魚類,
毛蟹,毛蟹-,2黑板料理,魚類,
打鐵婆(時價),打鐵婆(時價) ,2黑板料理,魚類,
白子(魚膘),白子(魚膘)-,2黑板料理,魚類,
白帶魚,白帶魚-,2黑板料理,魚類,
白鯧魚,白鯧魚 ,2黑板料理,魚類,
白蘆筍,白蘆筍-,2黑板料理,魚類,
石佬,石佬-,2黑板料理,魚類,
石鱸(時價),石鱸(時價)-,2黑板料理,魚類,
地震魚(時價),地震魚(時價)-,2黑板料理,魚類,
尖梭,尖梭-,2黑板料理,魚類,
肉甘魚（時價）,肉甘魚（時價）-,2黑板料理,魚類,
吳仔魚(時價),吳仔魚(時價)-,2黑板料理,魚類,
吻仔魚,吻仔魚-,2黑板料理,魚類,
豆仔魚（時價）,豆仔魚（時價）-,2黑板料理,魚類,
赤羽太（時價）,赤羽太（時價）-,2黑板料理,魚類,
赤章(時價),赤章(時價)-,2黑板料理,魚類,
那各魚,那各魚-,2黑板料理,魚類,
季節時鮮魚(時價),季節時鮮魚(時價)-,2黑板料理,魚類,
松本茸/顆,松本茸/顆-,2黑板料理,魚類,
松葉蟹,松葉蟹-,2黑板料理,魚類,
河豚白子,河豚白子-,2黑板料理,魚類,
花加志（時價）,花加志（時價）-,2黑板料理,魚類,
花身魚,花身魚-,2黑板料理,魚類,
花魚(時價),花魚(時價)-,2黑板料理,魚類,
金鈴（時價）,金鈴（時價）-,2黑板料理,魚類,
金龍魚,金龍魚-,2黑板料理,魚類,
金鯧,金鯧-,2黑板料理,魚類,
厚岸生蠔,厚岸生蠔-,2黑板料理,魚類,
柑仔魚,柑仔魚-,2黑板料理,魚類,
活殺比目魚/生,活殺比目魚/生-,2黑板料理,魚類,
活龍蝦(時價),活龍蝦(時價)-,2黑板料理,魚類,
玳瑁石斑,玳瑁石斑-,2黑板料理,魚類,
秋刀魚(時價),秋刀魚(時價)-,2黑板料理,魚類,
秋菇,秋菇-,2黑板料理,魚類,
紅九繪,紅九繪-,2黑板料理,魚類,
紅衫,紅衫-,2黑板料理,魚類,
紅條,紅條-,2黑板料理,魚類,
紅條,紅條-,2黑板料理,魚類,
紅喉（時價）,紅喉（時價） ,2黑板料理,魚類,
紅嘴鯛,紅嘴鯛-,2黑板料理,魚類,
飛魚,飛魚-,2黑板料理,魚類,
馬頭魚(時價),馬頭魚(時價)-,2黑板料理,魚類,
馬頭,馬頭魚(時價)-,2黑板料理,魚類,
曼波魚,曼波魚-,2黑板料理,魚類,
清蒸肉干魚（時價）,清蒸肉干魚（時價）-,2黑板料理,魚類,
清蒸肉甘魚（時價）,清蒸肉甘魚（時價）-,2黑板料理,魚類,
清蒸活小卷,清蒸活小卷 ,2黑板料理,魚類,
清蒸皇帝斑(時價),清蒸皇帝斑(時價)-,2黑板料理,魚類,
清蒸銀鮫（時價）,清蒸銀鮫（時價）-,2黑板料理,魚類,
喜知次,喜知次 ,2黑板料理,魚類,
斑頭魚,斑頭魚-,2黑板料理,魚類,
斑頭魚(時價),斑頭魚(時價)-,2黑板料理,魚類,
椒鹽劍蝦,椒鹽劍蝦-,2黑板料理,魚類,
無花果,無花果-,2黑板料理,魚類,
無眼鰻,無眼鰻-,2黑板料理,魚類,
黃魚,黃魚-,2黑板料理,魚類,
黃雞魚,黃雞魚-,2黑板料理,魚類,
黑格,黑格-,2黑板料理,魚類,
黑貓過(時價),黑貓過(時價)-,2黑板料理,魚類,
黑鮪魚下巴,黑鮪魚下巴-,2黑板料理,魚類,
圓鱈,圓鱈-,2黑板料理,魚類,
過魚,過魚-,2黑板料理,魚類,
旗魚肚,旗魚肚-,2黑板料理,魚類,
蒸糯米部(時價),蒸糯米部(時價)-,2黑板料理,魚類,
蒸糯米斑(時價),蒸糯米斑(時價)-,2黑板料理,魚類,
鳳梨魚,鳳梨魚-,2黑板料理,魚類,
盤子魚(時價),盤子魚(時價)-,2黑板料理,魚類,
橘斑,橘斑-,2黑板料理,魚類,
龍占（時價）,龍占（時價）-,2黑板料理,魚類,
鮮魚下巴(時價),鮮魚下巴(時價)-,2黑板料理,魚類,
藍瓜石斑（時價）,藍瓜石斑（時價）-,2黑板料理,魚類,
鯃魚（時價）,鯃魚（時價）-,2黑板料理,魚類,
鯊魚唇芥末,鯊魚唇芥末-,2黑板料理,魚類,
鯖魚,鯖魚-,2黑板料理,魚類,
鰆魚,鰆魚-,2黑板料理,魚類,
櫻羽鯛（時價）,櫻羽鯛（時價）-,2黑板料理,魚類,
櫻花蝦,櫻花蝦-,2黑板料理,魚類,
鱈魚白子,鱈魚白子-,2黑板料理,魚類,
鹽烤鮭魚肚,鹽烤鮭魚肚-,2黑板料理,魚類,
(必點)黑鮪魚刺身/七切,(必點)黑鮪魚刺身/七切-,2黑板料理,單點刺身/壽司/黑板料理,
(限量)強迫症散壽司,(限量)強迫症散壽司 ,2黑板料理,單點刺身/壽司/黑板料理,
(限量)強迫症散壽司*,(限量)強迫症散壽司 ,2黑板料理,單點刺身/壽司/黑板料理,
(限量)黑鮪魚花見丼*,(限量)黑鮪魚花見丼* ,2黑板料理,單點刺身/壽司/黑板料理,
大目鯛,大目鯛-,2黑板料理,單點刺身/壽司/黑板料理,
小白魚握壽司,小白魚握壽司-,2黑板料理,單點刺身/壽司/黑板料理,
小黑鮪刺身,小黑鮪刺身-,2黑板料理,單點刺身/壽司/黑板料理,
小鮪魚,小鮪魚 ,2黑板料理,單點刺身/壽司/黑板料理,
小鮪魚/生,小鮪魚/生-,2黑板料理,單點刺身/壽司/黑板料理,
干貝,干貝/生-,2黑板料理,單點刺身/壽司/黑板料理,
干貝/生,干貝/生-,2黑板料理,單點刺身/壽司/黑板料理,
五吋刺身蛋糕,五吋刺身蛋糕* ,2黑板料理,單點刺身/壽司/黑板料理,
五吋刺身蛋糕*,五吋刺身蛋糕* ,2黑板料理,單點刺身/壽司/黑板料理,
天使蝦/生,天使蝦/生 ,2黑板料理,單點刺身/壽司/黑板料理,
日本秋刀魚/生,日本秋刀魚/生-,2黑板料理,單點刺身/壽司/黑板料理,
日本真鯛魚/生,日本真鯛魚/生 ,2黑板料理,單點刺身/壽司/黑板料理,
日本喜知次,日本喜知次-,2黑板料理,單點刺身/壽司/黑板料理,
日本鯖魚/生,日本鯖魚/生-,2黑板料理,單點刺身/壽司/黑板料理,
比目魚鮭魚卵手卷/支,比目魚鮭魚卵手卷/支-,2黑板料理,單點刺身/壽司/黑板料理,
比目魚鮭魚卵卷,比目魚鮭魚卵卷-,2黑板料理,單點刺身/壽司/黑板料理,
水針,水針-,2黑板料理,單點刺身/壽司/黑板料理,
水章魚/生,水章魚/生-,2黑板料理,單點刺身/壽司/黑板料理,
牛小排握壽司,牛小排握壽司-,2黑板料理,單點刺身/壽司/黑板料理,
牛尾魚/生,牛尾魚/生-,2黑板料理,單點刺身/壽司/黑板料理,
加州捲壽司,加州捲壽司-,2黑板料理,單點刺身/壽司/黑板料理,
加志魚,加志魚-,2黑板料理,單點刺身/壽司/黑板料理,
北寄貝/生,北寄貝/生-,2黑板料理,單點刺身/壽司/黑板料理,
台灣鯖魚/生,台灣鯖魚/生-,2黑板料理,單點刺身/壽司/黑板料理,
母親節五吋刺身蛋糕,母親節五吋刺身蛋糕-,2黑板料理,單點刺身/壽司/黑板料理,
生水母,生水母-,2黑板料理,單點刺身/壽司/黑板料理,
生筋子,生筋子-,2黑板料理,單點刺身/壽司/黑板料理,
生蠔/生,生蠔/生 ,2黑板料理,單點刺身/壽司/黑板料理,
白毛,白毛-,2黑板料理,單點刺身/壽司/黑板料理,
白甘魚/生,白甘魚/生-,2黑板料理,單點刺身/壽司/黑板料理,
白肉蒜,白肉蒜-,2黑板料理,單點刺身/壽司/黑板料理,
石斑魚/生,石斑魚/生-,2黑板料理,單點刺身/壽司/黑板料理,
石鯛,石鯛-,2黑板料理,單點刺身/壽司/黑板料理,
石鱸,石鱸-,2黑板料理,單點刺身/壽司/黑板料理,
尖梭魚/生,尖梭魚/生-,2黑板料理,單點刺身/壽司/黑板料理,
竹筴魚/生,竹筴魚/生-,2黑板料理,單點刺身/壽司/黑板料理,
竹葉鯵,竹葉鯵,2黑板料理,單點刺身/壽司/黑板料理,
吾仔魚/生,吾仔魚/生-,2黑板料理,單點刺身/壽司/黑板料理,
沙丁魚/生,沙丁魚/生-,2黑板料理,單點刺身/壽司/黑板料理,
牡丹蝦,牡丹蝦/生-,2黑板料理,單點刺身/壽司/黑板料理,
牡丹蝦/生,牡丹蝦/生-,2黑板料理,單點刺身/壽司/黑板料理,
赤貝,赤貝-,2黑板料理,單點刺身/壽司/黑板料理,
刺身搭配,刺身搭配-,2黑板料理,單點刺身/壽司/黑板料理,
和牛/生,和牛/生-,2黑板料理,單點刺身/壽司/黑板料理,
拉崙,拉崙-,2黑板料理,單點刺身/壽司/黑板料理,
河豚魚皮果醋,河豚魚皮果醋-,2黑板料理,單點刺身/壽司/黑板料理,
油旗魚/生,油旗魚/生-,2黑板料理,單點刺身/壽司/黑板料理,
炙燒比目魚緣側鮭魚卵蓋飯,炙燒比目魚緣側鮭魚卵蓋飯-,2黑板料理,單點刺身/壽司/黑板料理,
金目鯛/生,金目鯛/生-,2黑板料理,單點刺身/壽司/黑板料理,
金時鯛,金時鯛-,2黑板料理,單點刺身/壽司/黑板料理,
長尾鳥魚/生,長尾鳥魚/生-,2黑板料理,單點刺身/壽司/黑板料理,
青甘刺身/七切,青甘刺身/七切-,2黑板料理,單點刺身/壽司/黑板料理,
青雞魚/生,青雞魚/生-,2黑板料理,單點刺身/壽司/黑板料理,
南非鮑魚/生,南非鮑魚/生-,2黑板料理,單點刺身/壽司/黑板料理,
星鰻苗,星鰻苗-,2黑板料理,單點刺身/壽司/黑板料理,
活中卷兩吃,活中卷兩吃/生 ,2黑板料理,單點刺身/壽司/黑板料理,
活中卷兩吃/生,活中卷兩吃/生 ,2黑板料理,單點刺身/壽司/黑板料理,
活明蝦,活明蝦-,2黑板料理,單點刺身/壽司/黑板料理,
活明蝦/生,活明蝦/生-,2黑板料理,單點刺身/壽司/黑板料理,
疣鯛,疣鯛-,2黑板料理,單點刺身/壽司/黑板料理,
疣鯛魚/生,疣鯛魚/生-,2黑板料理,單點刺身/壽司/黑板料理,
紅甘/生,紅甘/生-,2黑板料理,單點刺身/壽司/黑板料理,
紅喉/生,紅喉/生 ,2黑板料理,單點刺身/壽司/黑板料理,
紅槽魚,紅槽魚-,2黑板料理,單點刺身/壽司/黑板料理,
倒吊,倒吊-,2黑板料理,單點刺身/壽司/黑板料理,
剝皮魚/生,剝皮魚/生-,2黑板料理,單點刺身/壽司/黑板料理,
姬鯛,姬鯛-,2黑板料理,單點刺身/壽司/黑板料理,
挪威鮭魚刺身/七切,挪威鮭魚刺身/七切-,2黑板料理,單點刺身/壽司/黑板料理,
海膽/生,海膽/生-,2黑板料理,單點刺身/壽司/黑板料理,
海膽牛奶豆腐,海膽牛奶豆腐-,2黑板料理,單點刺身/壽司/黑板料理,
海膽握壽司,海膽握壽司-,2黑板料理,單點刺身/壽司/黑板料理,
海螺/生,海螺/生-,2黑板料理,單點刺身/壽司/黑板料理,
海鱺魚/生,海鱺魚/生-,2黑板料理,單點刺身/壽司/黑板料理,
特製五吋刺身蛋糕,特製五吋刺身蛋糕-,2黑板料理,單點刺身/壽司/黑板料理,
胭脂蝦/生,胭脂蝦/生-,2黑板料理,單點刺身/壽司/黑板料理,
馬頭魚/生,馬頭魚/生-,2黑板料理,單點刺身/壽司/黑板料理,
馬鞭,馬鞭-,2黑板料理,單點刺身/壽司/黑板料理,
甜蝦/生,甜蝦/生-,2黑板料理,單點刺身/壽司/黑板料理,
軟絲/生,軟絲/生-,2黑板料理,單點刺身/壽司/黑板料理,
章魚春野菜沙拉,章魚春野菜沙拉-,2黑板料理,單點刺身/壽司/黑板料理,
富山小白蝦,富山小白蝦-,2黑板料理,單點刺身/壽司/黑板料理,
象拔蚌/生,象拔蚌/生-,2黑板料理,單點刺身/壽司/黑板料理,
黃雞,黃雞-,2黑板料理,單點刺身/壽司/黑板料理,
黃鰭鮪,黃鰭鮪-,2黑板料理,單點刺身/壽司/黑板料理,
黑鮪魚,黑鮪魚/生-,2黑板料理,單點刺身/壽司/黑板料理,
黑鮪魚/生,黑鮪魚/生-,2黑板料理,單點刺身/壽司/黑板料理,
黑鮪魚大腹/七切(限量),黑鮪魚大腹/七切(限量)-,2黑板料理,單點刺身/壽司/黑板料理,
黑鮪魚大腹/貫,黑鮪魚大腹/貫-,2黑板料理,單點刺身/壽司/黑板料理,
黑鮪魚大腹/貫*,黑鮪魚大腹/貫-,2黑板料理,單點刺身/壽司/黑板料理,
黑鮪魚中腹/七切(限量),黑鮪魚中腹/七切(限量)-,2黑板料理,單點刺身/壽司/黑板料理,
黑鮪魚中腹/貫,黑鮪魚中腹/貫-,2黑板料理,單點刺身/壽司/黑板料理,
黑鮪魚赤肉/貫,黑鮪魚赤肉/貫-,2黑板料理,單點刺身/壽司/黑板料理,
黑鮪魚赤肉/貫*,黑鮪魚赤肉/貫-,2黑板料理,單點刺身/壽司/黑板料理,
黑鮪魚刺身/七切,黑鮪魚刺身/七切-,2黑板料理,單點刺身/壽司/黑板料理,
黑鯧魚,黑鯧魚-,2黑板料理,單點刺身/壽司/黑板料理,
葡萄蝦,葡萄蝦-,2黑板料理,單點刺身/壽司/黑板料理,
稻荷比目魚鮭魚卵,稻荷比目魚鮭魚卵-,2黑板料理,單點刺身/壽司/黑板料理,
豬哥魚/生,豬哥魚/生-,2黑板料理,單點刺身/壽司/黑板料理,
縞篸/生,縞篸/生-,2黑板料理,單點刺身/壽司/黑板料理,
螢光花枝醋味增,螢光花枝醋味增-,2黑板料理,單點刺身/壽司/黑板料理,
螢光烏賊,螢光烏賊/生-,2黑板料理,單點刺身/壽司/黑板料理,
螢光烏賊/生,螢光烏賊/生-,2黑板料理,單點刺身/壽司/黑板料理,
龍占魚,龍占魚-,2黑板料理,單點刺身/壽司/黑板料理,
鮪魚泥/生,鮪魚泥/生-,2黑板料理,單點刺身/壽司/黑板料理,
鮪魚蔥,鮪魚蔥-,2黑板料理,單點刺身/壽司/黑板料理,
鮪魚蔥/生,鮪魚蔥/生-,2黑板料理,單點刺身/壽司/黑板料理,
鮫鰈/生,鮫鰈/生 ,2黑板料理,單點刺身/壽司/黑板料理,
鮭魚,鮭魚/生-,2黑板料理,單點刺身/壽司/黑板料理,
鮭魚/生,鮭魚/生-,2黑板料理,單點刺身/壽司/黑板料理,
鮭魚卵,鮭魚卵/生-,2黑板料理,單點刺身/壽司/黑板料理,
鮭魚卵/生,鮭魚卵/生-,2黑板料理,單點刺身/壽司/黑板料理,
鮭魚卵握壽司,鮭魚卵握壽司-,2黑板料理,單點刺身/壽司/黑板料理,
鮭魚肚刺身/7切,鮭魚刺身/肚(七切)-,2黑板料理,單點刺身/壽司/黑板料理,
鮭魚刺身/肚(七切),鮭魚刺身/肚(七切)-,2黑板料理,單點刺身/壽司/黑板料理,
醬漬白蝦,醬漬白蝦-,2黑板料理,單點刺身/壽司/黑板料理,
鯃魚,鯃魚-,2黑板料理,單點刺身/壽司/黑板料理,
鵝肝,鵝肝 ,2黑板料理,單點刺身/壽司/黑板料理,
蟹肉/生,蟹肉/生-,2黑板料理,單點刺身/壽司/黑板料理,
鰤魚/青甘/生,鰤魚/青甘/生-,2黑板料理,單點刺身/壽司/黑板料理,
鰹魚,鰹魚 ,2黑板料理,單點刺身/壽司/黑板料理,
鰹魚/生,鰹魚/生-,2黑板料理,單點刺身/壽司/黑板料理,
鱈魚白子/生,鱈魚白子/生-,2黑板料理,單點刺身/壽司/黑板料理,
Prime牛肉,Prime牛肉-,2黑板料理,單點刺身/壽司/黑板料理,
大葉干貝唐揚,大葉干貝唐揚-,2黑板料理,揚物/黑板料理,
大葉干貝唐揚/2片,大葉干貝唐揚/2片-,2黑板料理,揚物/黑板料理,
大葉干貝揚/2片,大葉干貝揚/2片-,2黑板料理,揚物/黑板料理,
大葉海鮮唐揚,大葉海鮮唐揚-,2黑板料理,揚物/黑板料理,
可樂餅,可樂餅-,2黑板料理,揚物/黑板料理,
玉米,玉米-,2黑板料理,揚物/黑板料理,
白旗魚唐揚,白旗魚唐揚-,2黑板料理,揚物/黑板料理,
米果蝦粉揚,米果蝦粉揚-,2黑板料理,揚物/黑板料理,
松露起士天婦羅,松露起士天婦羅-,2黑板料理,揚物/黑板料理,
星鰻天婦羅,星鰻天婦羅-,2黑板料理,揚物/黑板料理,
炸軟絲頭,炸軟絲頭-,2黑板料理,揚物/黑板料理,
海膽天婦羅,海膽天婦羅-,2黑板料理,揚物/黑板料理,
稚香魚天婦羅/4隻,稚香魚天婦羅/4隻-,2黑板料理,揚物/黑板料理,
翡翠蝦餅,翡翠蝦餅-,2黑板料理,揚物/黑板料理,
翡翠蝦餅*,翡翠蝦餅-,2黑板料理,揚物/黑板料理,
魷魚絲天婦羅,魷魚絲天婦羅-,2黑板料理,揚物/黑板料理,
素湯,素湯-,2黑板料理,湯品/黑板料理,
薑汁蛤湯,薑汁蛤湯-,2黑板料理,湯品/黑板料理,
山芹菜,山芹菜-,2黑板料理,菜類,
日本小松菜,日本小松菜-,2黑板料理,菜類,
水耕A菜,水耕A菜-,2黑板料理,菜類,
水蓮,水蓮-,2黑板料理,菜類,
冬筍,冬筍-,2黑板料理,菜類,
半天花,半天花-,2黑板料理,菜類,
白花芥蘭,白花芥蘭-,2黑板料理,菜類,
地瓜葉皮蛋,地瓜葉皮蛋-,2黑板料理,菜類,
吻仔魚炒莧菜,吻仔魚炒莧菜-,2黑板料理,菜類,
油菜花,油菜花-,2黑板料理,菜類,
炒時蔬(招待),炒時蔬(招待)-,2黑板料理,菜類,
芥藍,芥藍-,2黑板料理,菜類,
芥蘭,芥蘭-,2黑板料理,菜類,
雨來菇,雨來菇-,2黑板料理,菜類,
青花筍,青花筍-,2黑板料理,菜類,
娃娃菜,娃娃菜-,2黑板料理,菜類,
皇宮菜,皇宮菜-,2黑板料理,菜類,
紅鳳菜,紅鳳菜-,2黑板料理,菜類,
原生種A菜,原生種A菜-,2黑板料理,菜類,
珠蔥,珠蔥-,2黑板料理,菜類,
高麗菜苗,高麗菜苗-,2黑板料理,菜類,
清炒地瓜葉,清炒地瓜葉-,2黑板料理,菜類,
菠菜,菠菜-,2黑板料理,菜類,
塔顆菜,塔顆菜-,2黑板料理,菜類,
溫泉空心菜,溫泉空心菜-,2黑板料理,菜類,
翠玉白菜,翠玉白菜-,2黑板料理,菜類,
豌豆苗,豌豆苗-,2黑板料理,菜類,
龍鬚菜,龍鬚菜-,2黑板料理,菜類,
X.O.醬炒烏魚腱,X.O.醬炒烏魚腱-,2黑板料理,菜類,
X.O.醬炒高麗菜,X.O.醬炒高麗菜-,2黑板料理,菜類,
(推薦)白蝦紹興漬,(推薦)白蝦紹興漬-,2黑板料理,蝦蟹類,
三點蟹,三點蟹-,2黑板料理,蝦蟹類,
牛腳蟹,牛腳蟹-,2黑板料理,蝦蟹類,
沙公,沙公-,2黑板料理,蝦蟹類,
沙母,沙母-,2黑板料理,蝦蟹類,
活明蝦/隻,活明蝦-,2黑板料理,蝦蟹類,
草蝦,草蝦-,2黑板料理,蝦蟹類,
處女蟳,處女蟳-,2黑板料理,蝦蟹類,
斑節蝦,斑節蝦-,2黑板料理,蝦蟹類,
黃油蟹,黃油蟹-,2黑板料理,蝦蟹類,
藍鑽蝦,藍鑽蝦-,2黑板料理,蝦蟹類,
蟬蝦（海戰車）,蟬蝦（海戰車）-,2黑板料理,蝦蟹類,
櫻花蝦餅,櫻花蝦餅-,2黑板料理,蝦蟹類,
鱈場蟹,鱈場蟹-,2黑板料理,蝦蟹類,
(招牌)午仔魚一夜干,(招牌)午仔魚一夜干- ,3烤炸串,烤物/串燒（菜單）,
(招牌)午仔魚一夜干*,(招牌)午仔魚一夜干- ,3烤炸串,烤物/串燒（菜單）,
(招牌)午仔魚一夜乾,(招牌)午仔魚一夜干- ,3烤炸串,烤物/串燒（菜單）,
(推薦)杏鮑菇明太燒/2串,(推薦)杏鮑菇明太燒/2串-,3烤炸串,烤物/串燒（菜單）,
(推薦)明太子雞肉串/2串,(推薦)明太子雞肉串/2串-,3烤炸串,烤物/串燒（菜單）,
(推薦)明太子雞肉串/2串*,(推薦)明太子雞肉串/2串-,3烤炸串,烤物/串燒（菜單）,
(推薦)黑松露櫛瓜/2串,(推薦)黑松露櫛瓜/2串-,3烤炸串,烤物/串燒（菜單）,
(推薦)黑松露櫛瓜/2串*,(推薦)黑松露櫛瓜/2串-,3烤炸串,烤物/串燒（菜單）,
(推薦)鹽蔥牛筋串/2串,(推薦)鹽蔥牛筋串/2串-,3烤炸串,烤物/串燒（菜單）,
山藥明太子*,山藥明太燒-,3烤炸串,烤物/串燒（菜單）,
山藥明太子,山藥明太燒-,3烤炸串,烤物/串燒（菜單）,
山藥明太燒,山藥明太燒-,3烤炸串,烤物/串燒（菜單）,
干貝磯邊燒,干貝磯邊燒-,3烤炸串,烤物/串燒（菜單）,
五仔魚一夜干,午仔魚一夜干-,3烤炸串,烤物/串燒（菜單）,
午仔魚一夜乾,午仔魚一夜干-,3烤炸串,烤物/串燒（菜單）,
午仔魚一夜干,午仔魚一夜干-,3烤炸串,烤物/串燒（菜單）,
*鯃魚一夜干,午仔魚一夜干-,3烤炸串,烤物/串燒（菜單）,
帕瑪森黑松露櫛瓜,帕瑪森黑松露櫛瓜-,3烤炸串,烤物/串燒（菜單）,
明太子手羽/2支,明太子手羽/2支-,3烤炸串,烤物/串燒（菜單）,
明太子手羽/2支*,明太子手羽/2支-,3烤炸串,烤物/串燒（菜單）,
明太子手羽/2隻,明太子手羽/2支-,3烤炸串,烤物/串燒（菜單）,
明太子手羽/支,明太子手羽/支-,3烤炸串,烤物/串燒（菜單）,
明太子雞肉/串,明太子雞肉/串-,3烤炸串,烤物/串燒（菜單）,
明太子雞肉串/串,明太子雞肉/串-,3烤炸串,烤物/串燒（菜單）,
明太子雞腿燒,明太子雞腿燒-,3烤炸串,烤物/串燒（菜單）,
柚香雞腿,柚香雞腿-,3烤炸串,烤物/串燒（菜單）,
柚香雞腿*,柚香雞腿-,3烤炸串,烤物/串燒（菜單）,
柚鹽雞腿,柚香雞腿-,3烤炸串,烤物/串燒（菜單）,
洋菇明太子串/串,洋菇明太子串/串-,3烤炸串,烤物/串燒（菜單）,
野生海大蝦/隻,野生海大蝦/隻-,3烤炸串,烤物/串燒（菜單）,
黑松露節瓜/串,黑松露節瓜/串-,3烤炸串,烤物/串燒（菜單）,
*帕瑪森黑松露節瓜,黑松露節瓜/串-,3烤炸串,烤物/串燒（菜單）,
黑松露櫛瓜/串,黑松露櫛瓜/串-,3烤炸串,烤物/串燒（菜單）,
奧勒岡肋眼牛排/200克,奧勒岡肋眼牛排/200克-,3烤炸串,烤物/串燒（菜單）,
(推薦)墨魚香腸/2串,墨魚香腸/2串-,3烤炸串,烤物/串燒（菜單）,
(推薦)墨魚香腸/2串*,墨魚香腸/2串-,3烤炸串,烤物/串燒（菜單）,
墨魚香腸/2串,墨魚香腸/2串-,3烤炸串,烤物/串燒（菜單）,
墨魚香腸/串,墨魚香腸/串-,3烤炸串,烤物/串燒（菜單）,
鮭魚下巴,鮭魚下巴-,3烤炸串,烤物/串燒（菜單）,
鮭魚下巴*,鮭魚下巴-,3烤炸串,烤物/串燒（菜單）,
鮮魚一夜干,鮮魚一夜干-,3烤炸串,烤物/串燒（菜單）,
鹹豬肉,鹹豬肉-,3烤炸串,烤物/串燒（菜單）,
鹽烤軟絲頭,鹽烤軟絲頭-,3烤炸串,烤物/串燒（菜單）,
鹽烤軟絲頭*,鹽烤軟絲頭-,3烤炸串,烤物/串燒（菜單）,
鹽烤野生文蛤,鹽烤野生文蛤-,3烤炸串,烤物/串燒（菜單）,
鹽烤野生海大蝦,鹽烤野生海大蝦 ,3烤炸串,烤物/串燒（菜單）,
鹽烤雞肉/串,鹽烤雞肉/串-,3烤炸串,烤物/串燒（菜單）,
鹽烤鯖魚,鹽烤鯖魚-,3烤炸串,烤物/串燒（菜單）,
鹽烤鯖魚*,鹽烤鯖魚-,3烤炸串,烤物/串燒（菜單）,
鹽蔥牛筋串/2串,鹽蔥牛筋串/2串-,3烤炸串,烤物/串燒（菜單）,
鹽蔥牛筋串,鹽蔥牛筋串/串-,3烤炸串,烤物/串燒（菜單）,
鹽蔥牛筋串/串,鹽蔥牛筋串/串-,3烤炸串,烤物/串燒（菜單）,
鹽蔥牛筋/串,鹽蔥牛筋串/串-,3烤炸串,烤物/串燒（菜單）,
鹽蔥松阪豚/串,鹽蔥松阪豚/串-,3烤炸串,烤物/串燒（菜單）,
鹽蔥松阪豬/2串,鹽蔥松阪豬/2串-,3烤炸串,烤物/串燒（菜單）,
鹽蔥松阪豬/串,鹽蔥松阪豬/串-,3烤炸串,烤物/串燒（菜單）,
鹽蔥松板豚/2串,鹽蔥松板豚/2串-,3烤炸串,烤物/串燒（菜單）,
鹽蔥豬五花/2串,鹽蔥豬五花/2串-,3烤炸串,烤物/串燒（菜單）,
鹽蔥豬五花/2串*,鹽蔥豬五花/2串-,3烤炸串,烤物/串燒（菜單）,
鹽蔥豬五花/串,鹽蔥豬五花/串-,3烤炸串,烤物/串燒（菜單）,
*特製手羽先,*特製手羽先-,3烤炸串,揚物（菜單）,
*富山芝蝦唐揚,*富山芝蝦唐揚-,3烤炸串,揚物（菜單）,
中卷大阪燒,中卷大阪燒-,3烤炸串,揚物（菜單）,
炸雞肉龍田揚,炸雞肉龍田揚-,3烤炸串,揚物（菜單）,
炸雞肉龍田揚*,炸雞肉龍田揚-,3烤炸串,揚物（菜單）,
雞肉龍田揚,炸雞肉龍田揚-,3烤炸串,揚物（菜單）,
(招牌)胡麻豆腐/粒,胡麻豆腐/粒-,3烤炸串,揚物（菜單）,
(招牌)胡麻豆腐/粒*,胡麻豆腐/粒-,3烤炸串,揚物（菜單）,
胡麻手工豆腐/粒,胡麻豆腐/粒-,3烤炸串,揚物（菜單）,
胡麻豆腐/粒,胡麻豆腐/粒-,3烤炸串,揚物（菜單）,
*手工胡麻豆腐,胡麻豆腐/粒-,3烤炸串,揚物（菜單）,
海大蝦天婦羅/支,海大蝦天婦羅/支-,3烤炸串,揚物（菜單）,
海大蝦天婦羅/支*,海大蝦天婦羅/支-,3烤炸串,揚物（菜單）,
特製手羽先,特製手羽先-,3烤炸串,揚物（菜單）,
野菜天婦羅,野菜天婦羅-,3烤炸串,揚物（菜單）,
富山芝蝦唐揚,富山芝蝦唐揚-,3烤炸串,揚物（菜單）,
(招牌)陶膳鹹豬肉,(招牌)陶膳鹹豬肉- ,4配菜,吸物/鍋物（菜單）,
(招牌)陶膳鹹豬肉*,(招牌)陶膳鹹豬肉- ,4配菜,吸物/鍋物（菜單）,
干貝海苔燒,干貝海苔燒-,4配菜,吸物/鍋物（菜單）,
日式鹹豬肉,日式鹹豬肉-,4配菜,吸物/鍋物（菜單）,
牛肉石狩味噌湯,牛肉石狩味噌湯-,4配菜,吸物/鍋物（菜單）,
紅燒牛肉湯,紅燒牛肉湯-,4配菜,吸物/鍋物（菜單）,
紅燒牛肉湯/碗,紅燒牛肉湯-,4配菜,吸物/鍋物（菜單）,
時令味噌湯,時令味噌湯/碗-,4配菜,吸物/鍋物（菜單）,
時令味噌湯/碗,時令味噌湯/碗-,4配菜,吸物/鍋物（菜單）,
時令味增湯,時令味噌湯/碗-,4配菜,吸物/鍋物（菜單）,
時令味噌湯/碗*,時令味噌湯/碗-,4配菜,吸物/鍋物（菜單）,
特選螃蟹海鮮火鍋,特選螃蟹海鮮火鍋-,4配菜,吸物/鍋物（菜單）,
特選蟳蟹火鍋,特選蟳蟹火鍋-,4配菜,吸物/鍋物（菜單）,
清味噌湯/碗,清味噌湯/碗-,4配菜,吸物/鍋物（菜單）,
清燉牛肉湯,清燉牛肉湯/碗-,4配菜,吸物/鍋物（菜單）,
野生蛤蜊味噌湯,野生蛤蜊味噌湯-,4配菜,吸物/鍋物（菜單）,
野生蛤蜊味噌湯/品,野生蛤蜊味噌湯-,4配菜,吸物/鍋物（菜單）,
野生蛤蜊味噌湯/碗,野生蛤蜊味噌湯-,4配菜,吸物/鍋物（菜單）,
野生蛤蠣味增湯,野生蛤蜊味噌湯-,4配菜,吸物/鍋物（菜單）,
野生蛤蜊精力湯/碗,野生蛤蜊精力湯-,4配菜,吸物/鍋物（菜單）,
野生蛤蠣精力湯,野生蛤蜊精力湯-,4配菜,吸物/鍋物（菜單）,
野生蛤蜊精力湯,野生蛤蜊精力湯-,4配菜,吸物/鍋物（菜單）,
野生蛤蜊精力湯/品,野生蛤蜊精力湯-,4配菜,吸物/鍋物（菜單）,
*野生蛤蠣精力湯,野生蛤蜊精力湯-,4配菜,吸物/鍋物（菜單）,
野生蛤蠣薑汁湯,野生蛤蠣薑汁湯-,4配菜,吸物/鍋物（菜單）,
魚頭海鮮火鍋,魚頭海鮮火鍋-,4配菜,吸物/鍋物（菜單）,
博多水炊雞肉火鍋,博多水炊雞肉火鍋-,4配菜,吸物/鍋物（菜單）,
博多水炊雞肉鍋,博多水炊雞肉鍋-,4配菜,吸物/鍋物（菜單）,
舒肥叉燒（4片）,舒肥叉燒（4片）-,4配菜,吸物/鍋物（菜單）,
(招牌)蛤蜊蒜頭湯/碗,蛤蜊蒜頭湯/碗- ,4配菜,吸物/鍋物（菜單）,
(招牌)蛤蜊蒜頭湯/碗*,蛤蜊蒜頭湯/碗- ,4配菜,吸物/鍋物（菜單）,
蛤蠣味噌湯/品,蛤蠣味噌湯/碗-,4配菜,吸物/鍋物（菜單）,
蛤蠣味噌湯/碗,蛤蠣味噌湯/碗-,4配菜,吸物/鍋物（菜單）,
蛤蠣味噌湯/碗*,蛤蠣味噌湯/碗-,4配菜,吸物/鍋物（菜單）,
鮮魚海鮮火鍋,鮮魚海鮮火鍋-,4配菜,吸物/鍋物（菜單）,
鮮魚海鮮鍋,鮮魚海鮮鍋-,4配菜,吸物/鍋物（菜單）,
鮮魚頭味噌湯/品,鮮魚頭味噌湯/品-,4配菜,吸物/鍋物（菜單）,
鮮魚頭味噌湯/碗,鮮魚頭味噌湯/碗-,4配菜,吸物/鍋物（菜單）,
鮮魚頭味噌湯/碗*,鮮魚頭味噌湯/碗-,4配菜,吸物/鍋物（菜單）,
鮮魚頭味增湯,鮮魚頭味噌湯/碗-,4配菜,吸物/鍋物（菜單）,
鮮魚頭薑汁湯,鮮魚頭薑汁湯-,4配菜,吸物/鍋物（菜單）,
鯊魚炒蒜苗,鯊魚炒蒜苗-,4配菜,吸物/鍋物（菜單）,
*酒香奶油蛤蠣,*酒香奶油蛤蠣-,4配菜,前菜/酒餚（菜單）,
小白魚果醋,小白魚果醋-,4配菜,前菜/酒餚（菜單）,
外帶蒸蛋,外帶蒸蛋-,4配菜,前菜/酒餚（菜單）,
穴子星鰻白燒,穴子星鰻白燒-,4配菜,前菜/酒餚（菜單）,
味噌漬起司,味噌漬起司-,4配菜,前菜/酒餚（菜單）,
和鴨,和鴨-,4配菜,前菜/酒餚（菜單）,
炙燒干貝醋味噌,炙燒干貝醋味噌-,4配菜,前菜/酒餚（菜單）,
(推薦)炙燒鮭魚果醋,炙燒鮭魚果醋-,4配菜,前菜/酒餚（菜單）,
(推薦)炙燒鮭魚果醋*,炙燒鮭魚果醋-,4配菜,前菜/酒餚（菜單）,
胡麻涼拌野菜,胡麻野菜-,4配菜,前菜/酒餚（菜單）,
胡麻野菜,胡麻野菜-,4配菜,前菜/酒餚（菜單）,
胡麻野菜*,胡麻野菜-,4配菜,前菜/酒餚（菜單）,
香螺,香螺-,4配菜,前菜/酒餚（菜單）,
扇貝奶油燒,扇貝奶油燒-,4配菜,前菜/酒餚（菜單）,
(招牌)酒香奶油蛤蠣,酒香奶油蛤蠣-,4配菜,前菜/酒餚（菜單）,
(招牌)酒香奶油蛤蠣*,酒香奶油蛤蠣-,4配菜,前菜/酒餚（菜單）,
酒香奶油蛤蠣燒,酒香奶油蛤蠣-,4配菜,前菜/酒餚（菜單）,
酒香奶油蛤蠣,酒香奶油蛤蠣-,4配菜,前菜/酒餚（菜單）,
秘製滷花生,陶膳滷花生-,4配菜,前菜/酒餚（菜單）,
陶膳滷花生,陶膳滷花生-,4配菜,前菜/酒餚（菜單）,
酥炸雞軟骨*,酥炸雞軟骨-,4配菜,前菜/酒餚（菜單）,
酥炸雞軟骨,酥炸雞軟骨-,4配菜,前菜/酒餚（菜單）,
酥炸鰭邊骨,酥炸鰭邊骨-,4配菜,前菜/酒餚（菜單）,
熱布里起士沙拉,熱布里起士沙拉-,4配菜,前菜/酒餚（菜單）,
豬肉壽喜燒,豬肉壽喜燒-,4配菜,前菜/酒餚（菜單）,
燒炙鮭魚果醋,燒炙鮭魚果醋-,4配菜,前菜/酒餚（菜單）,
鮟鱇魚肝,鮟鱇魚肝 ,4配菜,前菜/酒餚（菜單）,
(下酒)鱈魚肝果醋,鱈魚肝果醋-,4配菜,前菜/酒餚（菜單）,
(下酒)鱈魚肝果醋*,鱈魚肝果醋-,4配菜,前菜/酒餚（菜單）,
鱈魚肝果醋,鱈魚肝果醋-,4配菜,前菜/酒餚（菜單）,
*鱈魚肝果醋,鱈魚肝果醋-,4配菜,前菜/酒餚（菜單）,
巴斯克起司蛋糕,巴斯克起司蛋糕-,4配菜,甜點,
芋頭冰淇淋,芋頭冰淇淋-,4配菜,甜點,
芒果冰淇淋,芒果冰淇淋-,4配菜,甜點,
草莓冰淇淋,草莓冰淇淋-,4配菜,甜點,
起司蛋糕,起司蛋糕-,4配菜,甜點,
焦糖布丁,焦糖布丁-,4配菜,甜點,
開心果巴斯克蛋糕,開心果巴斯克蛋糕-,4配菜,甜點,
黑芝麻巴斯克蛋糕,黑芝麻巴斯克蛋糕-,4配菜,甜點,
鳳梨冰淇淋,鳳梨冰淇淋-,4配菜,甜點,
1500元/無菜單,1500元/無菜單-,4配菜,無菜單料理,
1680元無菜單料理,1680元無菜單料理-,4配菜,無菜單料理,
1680元無菜單,1680元無菜單料理-,4配菜,無菜單料理,
1800元/無菜單,1800元/無菜單-,4配菜,無菜單料理,
2000元/無菜單,2000元/無菜單-,4配菜,無菜單料理,
2200元無菜單料理,2200元無菜單料理-,4配菜,無菜單料理,
2200元/無菜單,2200元無菜單料理-,4配菜,無菜單料理,
2500元/無菜單,2500元無菜單料理-,4配菜,無菜單料理,
2500元無菜單料理,2500元無菜單料理-,4配菜,無菜單料理,
780小套餐（冰見寒鰤刺身2切、冰見寒鰤握壽司2貫、活明蝦天婦羅乙隻、提拉米蘇乙份）,780小套餐-,4配菜,無菜單料理,
一人前,一人前-,4配菜,無菜單料理,
一人前1200元,一人前1200元-,4配菜,無菜單料理,
一人前1500元,一人前1500元-,4配菜,無菜單料理,
一人前1800元,一人前1800元-,4配菜,無菜單料理,
一人前2200元,一人前2200元-,4配菜,無菜單料理,
五切刺身+三貫握壽司+割烹+強餚+吸物+甜點+飲料,五切刺身+三貫握壽司+割烹+強餚+吸物+甜點+飲料-,4配菜,無菜單料理,
代工費,代工費-,4配菜,無菜單料理,
外燴餐酒配合,外燴餐酒配合-,4配菜,無菜單料理,
配菜,配菜-,4配菜,無菜單料理,
熟成伊比利豬肉/熱布里起司沙拉/卡本內蘇維翁紅酒,熟成伊比利豬肉/熱布里起司沙拉/卡本內蘇維翁紅酒-,4配菜,無菜單料理,
餐酒1980套餐,餐酒1980套餐-,4配菜,無菜單料理,
餐酒2280套餐,餐酒2280套餐-,4配菜,無菜單料理,
餐酒2480套餐,餐酒2480套餐-,4配菜,無菜單料理,
加價購,加價購-,5主食,食事（菜單）,
吾仔魚一夜干定食,吾仔魚一夜干定食-,5主食,食事（菜單）,
吾仔魚一夜乾定食,吾仔魚一夜干定食-,5主食,食事（菜單）,
明太子炒烏龍,明太子炒烏龍-,5主食,食事（菜單）,
泡菜炒飯,泡菜炒飯-,5主食,食事（菜單）,
炒日式讚岐烏龍,炒日式讚歧烏龍麵-,5主食,食事（菜單）,
炒日式讚歧烏龍麵,炒日式讚歧烏龍麵-,5主食,食事（菜單）,
炒讚岐烏龍麵,炒日式讚歧烏龍麵-,5主食,食事（菜單）,
炒讚歧烏龍麵,炒日式讚歧烏龍麵-,5主食,食事（菜單）,
炒日式讚歧烏龍麵*,炒日式讚歧烏龍麵-,5主食,食事（菜單）,
青海苔蛤蠣,青海苔蛤蠣-,5主食,食事(菜單),
海鮮烏龍麵,海鮮湯烏龍麵-,5主食,食事（菜單）,
海鮮湯烏龍,海鮮湯烏龍麵-,5主食,食事（菜單）,
海鮮湯烏龍麵,海鮮湯烏龍麵-,5主食,食事（菜單）,
海鮮湯烏龍麵*,海鮮湯烏龍麵-,5主食,食事（菜單）,
素炒烏龍,素炒烏龍-,5主食,食事（菜單）,
素炒烏龍*,素炒烏龍-,5主食,食事（菜單）,
素炒烏龍麵,素炒烏龍-,5主食,食事（菜單）,
素炒飯,素炒飯-,5主食,食事（菜單）,
番茄咖哩牛肉拌麵,番茄咖哩牛肉拌麵-,5主食,食事（菜單）,
蛤蜊味噌,蛤蜊味噌-,5主食,食事(菜單),
蛤蜊昆布湯,蛤蜊昆布湯-,5主食,食事（菜單）,
蛤蠣昆布湯,蛤蠣昆布湯-,5主食,食事（菜單）,
煎牛排蓋飯,煎牛排蓋飯-,5主食,食事（菜單）,
煎牛排蓋飯*,煎牛排蓋飯-,5主食,食事（菜單）,
蒲燒鰻牛湯泡飯,蒲燒鰻牛湯泡飯-,5主食,食事（菜單）,
*蒲燒鰻牛尾湯泡飯,蒲燒鰻牛湯泡飯-,5主食,食事（菜單）,
蔬菜雞白湯烏龍麵,蔬菜雞白湯烏龍麵-,5主食,食事（菜單）,
鮭魚炒飯,鮭魚炒飯-,5主食,食事（菜單）,
鮭魚炒飯*,鮭魚炒飯-,5主食,食事（菜單）,
鮭魚茶泡飯,鮭魚茶泡飯-,5主食,食事（菜單）,
鮭魚飯糰/粒,鮭魚飯糰/粒-,5主食,食事（菜單）,
鮭魚飯糰/粒*,鮭魚飯糰/粒-,5主食,食事（菜單）,
雞肉月見丼,雞肉月見丼-,5主食,食事（菜單）,
鹹豬肉炒飯,鹹豬肉炒飯-,5主食,食事（菜單）,
XO 貓飯,XO 貓飯-,5主食,食事（菜單）,
*X.O.貓飯,XO 貓飯-,5主食,食事（菜單）,
(限量)鹽烤青雞魚定食,(限量)鹽烤青雞魚定食-,5主食,商業定食（菜單）,
(推薦)午仔魚一夜干定食,(推薦)午仔魚一夜干定食-,5主食,商業定食（菜單）,
(推薦)黑鮪魚下巴定食,(推薦)黑鮪魚下巴定食-,5主食,商業定食（菜單）,
189套餐,189套餐-,5主食,商業定食（菜單）,
人氣散壽司蓋飯,人氣散壽司蓋飯-,5主食,商業定食（菜單）,
中卷大阪燒定食,中卷大阪燒定食-,5主食,商業定食（菜單）,
什錦海鮮粉揚定食,什錦海鮮粉揚定食-,5主食,商業定食（菜單）,
和風燒肉定食,和風燒肉定食-,5主食,商業定食（菜單）,
和風燒肉定食*,和風燒肉定食-,5主食,商業定食（菜單）,
松阪豬辣味噌定食,松阪豬辣味噌定食-,5主食,商業定食（菜單）,
(推薦)炙燒鮭魚果醋定食,炙燒鮭魚果醋定食-,5主食,商業定食（菜單）,
(推薦)炙燒鮭魚果醋定食*,炙燒鮭魚果醋定食-,5主食,商業定食（菜單）,
炙燒鮭魚果醋定食,炙燒鮭魚果醋定食-,5主食,商業定食（菜單）,
(推薦)柚鹽雞腿定食,烤柚鹽雞腿定食-,5主食,商業定食（菜單）,
(推薦)柚鹽雞腿定食*,烤柚鹽雞腿定食-,5主食,商業定食（菜單）,
柚鹽雞腿定食,烤柚鹽雞腿定食-,5主食,商業定食（菜單）,
烤柚鹽雞腿定食,烤柚鹽雞腿定食-,5主食,商業定食（菜單）,
散壽司蓋飯,散壽司蓋飯-,5主食,商業定食（菜單）,
極品海景蓋飯,極品海景蓋飯-,5主食,商業定食（菜單）,
精進料理(素食),精進料理(素食)-,5主食,商業定食（菜單）,
精進料理定食(蛋奶素),精進料理定食(蛋奶素)-,5主食,商業定食（菜單）,
薑汁豚肉定食,薑汁豚肉定食-,5主食,商業定食（菜單）,
薑汁豬肉定食,薑汁豚肉定食-,5主食,商業定食（菜單）,
雙拼主廚特餐(冷/熱),雙拼主廚特餐(冷台/熱台)-,5主食,商業定食（菜單）,
雙拼主廚特餐(冷台/熱台),雙拼主廚特餐(冷台/熱台)-,5主食,商業定食（菜單）,
鹽烤挪威鯖魚定食*,鹽烤鯖魚定食-,5主食,商業定食（菜單）,
鹽烤挪威鯖魚定食,鹽烤鯖魚定食-,5主食,商業定食（菜單）,
鹽烤鯖魚定食,鹽烤鯖魚定食-,5主食,商業定食（菜單）,
牛尾(150克),牛尾湯(150克)-,5主食,關東煮,
牛尾湯(150克),牛尾湯(150克)-,5主食,關東煮,
關東煮五品,關東煮五品-,5主食,關東煮,
關東煮六品,關東煮六品-,5主食,關東煮,
*關東煮,關東煮六品-,5主食,關東煮,
2024冬餐酒貴腐酒2隻特價,2024冬餐酒貴腐酒2隻特價-,6酒水,西洋酒,
比利時啤酒,比利時啤酒-,6酒水,西洋酒,
卡本內蘇維翁紅酒,卡本內蘇維翁紅酒-,6酒水,西洋酒,
布爾松城堡 白酒,布爾松城堡 白酒-,6酒水,西洋酒,
生啤酒買三送一,生啤酒買三送一-,6酒水,西洋酒,
白草莓酒,白草莓酒-,6酒水,西洋酒,
白酒(單杯),白酒(單杯)-,6酒水,西洋酒,
百富12年單一麥芽威士忌,百富12年單一麥芽威士忌-,6酒水,西洋酒,
西班牙 氣泡酒CAVA,西班牙 氣泡酒CAVA-,6酒水,西洋酒,
沖繩 新裡 威士忌,沖繩 新裡 威士忌-,6酒水,西洋酒,
亞伯樂 12年單一麥芽蘇格蘭威士忌,亞伯樂 12年單一麥芽蘇格蘭威士忌-,6酒水,西洋酒,
法國白蘇維翁混麝香葡萄-黑標,法國白蘇維翁混麝香葡萄-黑標-,6酒水,西洋酒,
法國香檳,法國香檳-,6酒水,西洋酒,
波爾多 梅洛 紅酒,波爾多 梅洛 紅酒-,6酒水,西洋酒,
威士忌 shot/40ml,威士忌 shot/40ml-,6酒水,西洋酒,
紅酒(單杯),紅酒(單杯)-,6酒水,西洋酒,
海尼根啤酒,海尼根啤酒-,6酒水,西洋酒,
特選 莎當妮 （白酒）,特選 莎當妮 （白酒）-,6酒水,西洋酒,
神戶藍 雪莉桶 調和威士忌,神戶藍 雪莉桶 調和威士忌-,6酒水,西洋酒,
神息 吉野杉桶 威士忌,神息 吉野杉桶 威士忌-,6酒水,西洋酒,
神息 陳年吉野杉 威士忌,神息 陳年吉野杉 威士忌-,6酒水,西洋酒,
神息 櫻木桶 威士忌,神息 櫻木桶 威士忌-,6酒水,西洋酒,
紐西蘭 白蘇維翁 白酒,紐西蘭 白蘇維翁 白酒-,6酒水,西洋酒,
彩來 花澄,彩來 特別純米 花澄無濾過原霞酒-,6酒水,西洋酒,
麥卡倫12年單一麥芽威士忌,麥卡倫12年單一麥芽威士忌-,6酒水,西洋酒,
智利 珍藏卡本內 紅酒,智利 珍藏卡本內 紅酒-,6酒水,西洋酒,
智利 夏多內 白酒,智利 夏多內 白酒-,6酒水,西洋酒,
黑千壽,黑千壽-,6酒水,西洋酒,
義大利 天地酒莊 王牌風乾 紅酒,義大利 天地酒莊 王牌風乾 紅酒-,6酒水,西洋酒,
葡萄牙 奧薇達酒莊 羅雷洛 白酒,葡萄牙 奧薇達酒莊 羅雷洛 白酒-,6酒水,西洋酒,
慕赫 12年蘇格蘭單一純麥芽威士忌,慕赫 12年蘇格蘭單一純麥芽威士忌-,6酒水,西洋酒,
摩爾 黑珍珠紅酒,摩爾 黑珍珠紅酒 -,6酒水,西洋酒,
蘇格登12年歐洲版威士忌,蘇格登12年歐洲版威士忌-,6酒水,西洋酒,
Highball,Highball-,6酒水,西洋酒,
一品 樽生酒,一品 樽生酒-,6酒水,東洋酒,
七賢 天鵞絨 純米吟釀,七賢 天鵞絨 純米吟釀-,6酒水,東洋酒,
七賢 花水香 (720ml),七賢 花水香 (720ml)-,6酒水,東洋酒,
七賢 花香水 (720ml),七賢 花水香 (720ml)-,6酒水,東洋酒,
七賢 風凜美山 純米酒,七賢 風凜美山 純米酒-,6酒水,東洋酒,
七賢 風凜美山 純米酒300ml,七賢 風凜美山 純米酒300ml-,6酒水,東洋酒,
三諸杉 純米大吟釀,三諸杉 純米大吟釀-,6酒水,東洋酒,
三諸杉,三諸杉-,6酒水,東洋酒,
三諸杉 Dio Abita,三諸杉-,6酒水,東洋酒,
大盃 MACHO 山田錦,大盃 MACHO 山田錦-,6酒水,東洋酒,
大領 山田錦,大領 山田錦-,6酒水,東洋酒,
山丹 300ml,山丹 300ml-,6酒水,東洋酒,
山丹 正宗 本釀造 300ml,山丹 正宗 本釀造 300ml-,6酒水,東洋酒,
山丹 正宗 本釀造 720ml,山丹 正宗 本釀造 720ml,6酒水,東洋酒,
山丹720ml,山丹720mll-,6酒水,東洋酒,
天空之月 梅酒/200ml,天空之月 梅酒/200ml-,6酒水,東洋酒,
天孫降臨(蕃薯),天孫降臨(蕃薯)-,6酒水,東洋酒,
手取川 山費無濾過純米生原酒過純米生原酒(720ml),手取川 山廢無濾過純米生原酒(720ml)-,6酒水,東洋酒,
手取川 山廢無濾過純米生原酒(720ml),手取川 山廢無濾過純米生原酒(720ml)-,6酒水,東洋酒,
水芭蕉 蛇年限定 純米大吟釀,水芭蕉 蛇年限定 純米大吟釀-,6酒水,東洋酒,
北島 愛山純米生酒,北島 愛山純米生酒-,6酒水,東洋酒,
田中六五,田中六五 系島 山田錦純米酒-,6酒水,東洋酒,
田中六五 系島 山田錦純米酒,田中六五 系島 山田錦純米酒-,6酒水,東洋酒,
光榮菊,光榮菊 幾望 天然乳酸菌仕入 無濾過生原酒-,6酒水,東洋酒,
安藝虎 山田錦,安藝虎 山田錦-,6酒水,東洋酒,
青蘋果燒酒,青蘋果燒酒-,6酒水,東洋酒,
柚子燒酒,柚子燒酒-,6酒水,東洋酒,
泉姬 柚子果實酒,泉姬 柚子果實酒-,6酒水,東洋酒,
紅茶 梅酒/200ml,紅茶 梅酒/200ml-,6酒水,東洋酒,
風之森 500ml,風之森 500mll-,6酒水,東洋酒,
風之森 夏之星空 氣泡清酒 500ml（期間限定）,風之森 夏之星空 氣泡清酒 500ml（期間限定）-,6酒水,東洋酒,
風之森 純米 ALPHA TYPE1 720ml,風之森 純米 ALPHA TYPE1 720ml-,6酒水,東洋酒,
風之森 Origin 氣泡清酒 500ml,風之森 Origin 氣泡清酒 500ml-,6酒水,東洋酒,
原味燒酒,原味燒酒-,6酒水,東洋酒,
宮泉 純米酒,宮泉 純米酒-,6酒水,東洋酒,
狹山 紅茶梅酒/200ml,狹山 紅茶梅酒/200ml-,6酒水,東洋酒,
真澄 山花 純米大吟釀,真澄 山花 純米大吟釀-,6酒水,東洋酒,
真澄 白妙純米吟釀,真澄 白妙純米吟釀-,6酒水,東洋酒,
真澄 Miyasaka 美山錦 純米吟釀,真澄 Miyasaka 美山錦 純米吟釀-,6酒水,東洋酒,
彩來 特別純米 花澄無濾過原霞酒,彩來 特別純米 花澄無濾過原霞酒-,6酒水,東洋酒,
彩來 純米吟釀,彩來 純米吟釀-,6酒水,東洋酒,
梅酒/70ml,梅酒/70ml-,6酒水,東洋酒,
清酒（單杯）,清酒（單杯）-,6酒水,東洋酒,
雪梅 純米吟釀,雪梅 純米吟釀-,6酒水,東洋酒,
雪梅買一送一（冰）,雪梅買一送一（冰）-,6酒水,東洋酒,
雪梅買一送一（熱）,雪梅買一送一（熱）-,6酒水,東洋酒,
雪梅買一送一（整隻）,雪梅買一送一（整隻）,6酒水,東洋酒,
惣譽 特別純米,惣譽 特別純米-,6酒水,東洋酒,
雅乃詩 特別純米酒,雅乃詩 特別純米酒-,6酒水,東洋酒,
黑霧島(甘藷),黑霧島(甘藷)-,6酒水,東洋酒,
嘉美心/備中流 純米大吟釀/720ml,嘉美心/備中流 純米大吟釀/720ml-,6酒水,東洋酒,
福海 雄町 生酒,福海 雄町 生酒-,6酒水,東洋酒,
鳳凰美田 蜜桃酒,鳳凰美田 蜜桃酒-,6酒水,東洋酒,
鳳凰美田 Anniversary 2024,鳳凰美田 Anniversary 2024-,6酒水,東洋酒,
廣戶川 特別純米,廣戶川 特別純米-,6酒水,東洋酒,
醉鯨 吟麗 純米吟釀 300ml,醉鯨 吟麗 純米吟釀 300ml-,6酒水,東洋酒,
醉鯨 吟麗 純米吟釀 720ml,醉鯨 吟麗 純米吟釀 720ml-,6酒水,東洋酒,
醉鯨 特別純米,醉鯨 特別純米 300mll-,6酒水,東洋酒,
醉鯨 特別純米 300ml,醉鯨 特別純米 300mll-,6酒水,東洋酒,
醉鯨 純米大吟釀 高育 秋,醉鯨 純米大吟釀 高育 秋-,6酒水,東洋酒,
醉鯨 TENT HOUSE,醉鯨 TENT HOUSE-,6酒水,東洋酒,
醉鯨吟麗 300ml,醉鯨吟麗 300ml-,6酒水,東洋酒,
醉鯨吟麗 720ml,醉鯨吟麗 720ml-,6酒水,東洋酒,
養樂多燒酒,養樂多燒酒-,6酒水,東洋酒,
墨廼江 特別純米,墨廼江 特別純米-,6酒水,東洋酒,
戰勝80ml,戰勝80ml-,6酒水,東洋酒,
靜岡 白草莓奶酒,靜岡 白草莓奶酒-,6酒水,東洋酒,
龜泉 純米吟釀 吟麓,龜泉 純米吟釀 吟麓-,6酒水,東洋酒,
龜泉 純米吟釀 CEL24 生酒,龜泉 純米吟釀 CEL24 生酒-,6酒水,東洋酒,
藏元 柚子酒,藏元 柚子酒-,6酒水,東洋酒,
醴泉 無風 純米酒,醴泉 無風 純米酒-,6酒水,東洋酒,
辯天 純米大吟釀生原酒,辯天 純米大吟釀生原酒-,6酒水,東洋酒,
麝香葡萄酒,麝香葡萄酒-,6酒水,東洋酒,
Ohmine 兩粒米 純米大吟釀原酒 720ml,Ohmine 兩粒米 純米大吟釀原酒 720ml-,6酒水,東洋酒,
可樂,可樂-,6酒水,附贈飲料,
冰奶茶,冰奶茶-,6酒水,附贈飲料,
冰咖啡,冰咖啡-,6酒水,附贈飲料,
冰紅茶,冰紅茶-,6酒水,附贈飲料,
果汁,果汁-,6酒水,附贈飲料,
烏龍茶,烏龍茶-,6酒水,附贈飲料,
雪碧,雪碧-,6酒水,附贈飲料,
聖沛黎洛氣泡水,聖沛黎洛氣泡水-,6酒水,附贈飲料,
熱奶茶,熱奶茶-,6酒水,附贈飲料,
熱咖啡,熱咖啡-,6酒水,附贈飲料,
熱紅茶,熱紅茶-,6酒水,附贈飲料,
水蜜桃汽水,水蜜桃汽水-,6酒水,非酒精飲料,
可爾必思汽水,可爾必思汽水-,6酒水,非酒精飲料,
可爾必思汽水（無糖）,可爾必思汽水（無糖）-,6酒水,非酒精飲料,
白葡萄汽水,白葡萄汽水-,6酒水,非酒精飲料,
玫瑰蜜冷泡茶/800ml,玫瑰蜜冷泡茶/800ml,6酒水,非酒精飲料,
信州蘋果汽水,信州蘋果汽水-,6酒水,非酒精飲料,
哈密瓜汽水,哈密瓜汽水-,6酒水,非酒精飲料,
柑橘可樂汽水,柑橘可樂汽水-,6酒水,非酒精飲料,
高山冷泡茶,高山冷泡茶-,6酒水,非酒精飲料,
無糖優格氣泡飲,無糖優格氣泡飲-,6酒水,非酒精飲料,
碳酸飲料,碳酸飲料-,6酒水,非酒精飲料,
綠茶可樂汽水,綠茶可樂汽水-,6酒水,非酒精飲料,
櫻花可樂汽水,櫻花可樂汽水-,6酒水,非酒精飲料,
18天生啤酒,18天生啤酒-,6酒水,啤酒,
生啤酒機,生啤酒機-,6酒水,啤酒,
生啤買一送一,生啤買一送一-,6酒水,啤酒,
Asahi生啤酒,Asahi生啤酒-,6酒水,啤酒,
Asahi生啤酒機,Asahi生啤酒機-,6酒水,啤酒,
Orion沖繩生啤酒,Orion沖繩生啤酒-,6酒水,啤酒,
sapporo,sapporo-,6酒水,啤酒,
(酒客推薦)酥炸鰭邊骨,(酒客推薦)酥炸鰭邊骨-,8外帶送,外帶平台,
(加價購)奧勒岡牛排150克,(加價購)奧勒岡牛排150克 ,9其他,加價購,
生蠔（加價購）,生蠔（加價購）-,9其他,加價購,
伊比利豬（加價購）,伊比利豬（加價購）-,9其他,加價購,
竹筍半支（加價購）,竹筍半支（加價購）-,9其他,加價購,
明太子雞肉串（加價購）,明太子雞肉串（加價購）-,9其他,加價購,
胡麻豆腐（加價購）,胡麻豆腐（加價購）-,9其他,加價購,
時蔬（加價購）,時蔬（加價購）-,9其他,加價購,
海膽握（加價購）,海膽握（加價購）-,9其他,加價購,
酒蒸中卷（加價購）,酒蒸中卷（加價購）-,9其他,加價購,
清酒（加價購）,清酒（加價購）-,9其他,加價購,
陶板牛肉（加價購）,陶板牛肉（加價購）-,9其他,加價購,
年菜外帶,年菜外帶-,9其他,年菜,
烏魚子（真空包裝）,烏魚子（真空包裝）-,9其他,年菜,
折扣95折(兌換),折扣95折(兌換)-,9其他,折扣模組,
招待,招待-,9其他,其他,
真空袋,真空袋-,9其他,其他,
清潔費,清潔費-,9其他,其他,
120元盛樸會議便當,120元盛樸會議便當-,9其他,便當,
120壽司便當,120壽司便當 ,9其他,便當,
150元盛樸會議便當,150元盛樸會議便當-,9其他,便當,
300元會議便當,300元會議便當-,9其他,便當,
400元會議便當,400元會議便當-,9其他,便當,
500元會議便當,500元會議便當-,9其他,便當,
中東咖哩炸豬排御便當,中東咖哩炸豬排御便當-,9其他,便當,
毛豆,毛豆-,9其他,便當,
奶油牛燒肉御便當,奶油牛燒肉御便當-,9其他,便當,
奶油燉雞燴飯,奶油燉雞燴飯-,9其他,便當,
白飯,白飯-,9其他,便當,
咖哩魚排御便當,咖哩魚排御便當-,9其他,便當,
泡菜炒豬肉御便當,泡菜炒豬肉御便當-,9其他,便當,
客製化便當,客製化便當-,9其他,便當,
客製化握壽司便當,客製化握壽司便當 ,9其他,便當,
炸豬排親子丼御便當,炸豬排親子丼御便當-,9其他,便當,
烤黑鮪魚下巴便當,烤黑鮪魚下巴便當-,9其他,便當,
素食御便當,素食御便當-,9其他,便當,
盛樸御便當,盛樸御便當-,9其他,便當,
盛樸會議便當,盛樸御便當-,9其他,便當,
黑胡椒牛筋御便當,黑胡椒牛筋御便當-,9其他,便當,
照燒雞腿&鯖魚御便當,照燒雞腿&鯖魚御便當-,9其他,便當,
蒸蛋,蒸蛋-,9其他,便當,
蜜汁豬肋排御便當,蜜汁豬肋排御便當-,9其他,便當,
燈暖膳便當,燈暖膳便當-,9其他,便當,
鮭魚西京燒御便當,鮭魚西京燒御便當-,9其他,便當,
雞肉親子蓋飯御便當,雞肉親子蓋飯御便當-,9其他,便當,
鯖魚&棒棒腿御便當,鯖魚&棒棒腿御便當-,9其他,便當,
鹽烤鮭魚便當,鹽烤鮭魚便當-,9其他,便當,
山藥明太燒(周年慶),山藥明太燒(周年慶) ,9其他,活動贈品,
冰清酒一壺(兌換),冰清酒一壺(兌換)-,9其他,活動贈品,
松露薯條(兌換),松露薯條(兌換)-,9其他,活動贈品,
炒時蔬(周年慶),炒時蔬(周年慶) ,9其他,活動贈品,
柚香大根(周年慶),柚香大根(周年慶) ,9其他,活動贈品,
炸雞軟骨(周年慶),炸雞軟骨(周年慶) ,9其他,活動贈品,
胡麻野菜(兌換),胡麻野菜(兌換)-,9其他,活動贈品,
酒香奶油蛤蜊(周年慶),酒香奶油蛤蜊(周年慶) ,9其他,活動贈品,
雪梅180ml(周年慶),雪梅180ml(周年慶) ,9其他,活動贈品,
湯葉田樂串2串(兌換),湯葉田樂串2串(兌換)-,9其他,活動贈品,
酥炸鰭邊骨(兌換),酥炸鰭邊骨(兌換)-,9其他,活動贈品,
節瓜半份（老爺兌換）,節瓜半份（老爺兌換）-,9其他,活動贈品,
綜刺7切(周年慶),綜刺7切(周年慶) ,9其他,活動贈品,
綜刺七切(兌換),綜刺七切(兌換)-,9其他,活動贈品,
鹽蔥豬五花/串（老爺兌換）,鹽蔥豬五花/串（老爺兌換）-,9其他,活動贈品,
現金禮券,現金禮券-,9其他,現金禮券,
(冷凍商品)一夜干,(冷凍商品)一夜干 ,9其他,搭伙伴,
(冷凍商品)日式鹹豬肉,(冷凍商品)日式鹹豬肉-,9其他,搭伙伴,
(冷凍商品)古早味排骨/2片,(冷凍商品)古早味排骨/2片-,9其他,搭伙伴,
(冷凍商品)冰糖蜜芋頭,(冷凍商品)冰糖蜜芋頭 ,9其他,搭伙伴,
(冷凍商品)冰檸桂花釀番茄,(冷凍商品)冰檸桂花釀番茄 ,9其他,搭伙伴,
(冷凍商品)芋頭小卷米粉,(冷凍商品)芋頭小卷米粉 ,9其他,搭伙伴,
(冷凍商品)芒果青,(冷凍商品)芒果青 ,9其他,搭伙伴,
(冷凍商品)防疫料理組合包,(冷凍商品)防疫料理組合包-,9其他,搭伙伴,
(冷凍商品)紅燒牛肉湯,(冷凍商品)紅燒牛肉湯-,9其他,搭伙伴,
（冷凍商品）韭菜水餃,（冷凍商品）韭菜水餃-,9其他,搭伙伴,
(冷凍商品)韭菜水餃50顆,(冷凍商品)韭菜水餃50顆-,9其他,搭伙伴,
(冷凍商品)香魚甘露煮,(冷凍商品)香魚甘露煮 ,9其他,搭伙伴,
(冷凍商品)香酥芋泥雞,(冷凍商品)香酥芋泥雞 ,9其他,搭伙伴,
(冷凍商品)桃膠銀耳露,(冷凍商品)桃膠銀耳露 ,9其他,搭伙伴,
(冷凍商品)高麗菜水餃,(冷凍商品)高麗菜水餃-,9其他,搭伙伴,
(冷凍商品)高麗菜水餃50顆,(冷凍商品)高麗菜水餃50顆-,9其他,搭伙伴,
(冷凍商品)清燉牛肉湯,(冷凍商品)清燉牛肉湯-,9其他,搭伙伴,
(冷凍商品)清燉牛雜湯,(冷凍商品)清燉牛雜湯 ,9其他,搭伙伴,
(冷凍商品)麻油羊肉炊飯,(冷凍商品)麻油羊肉炊飯 ,9其他,搭伙伴,
(冷凍商品)麻辣牛三寶,(冷凍商品)麻辣牛三寶 ,9其他,搭伙伴,
(冷凍商品)麻辣鳳爪,(冷凍商品)麻辣鳳爪 ,9其他,搭伙伴,
(冷凍商品)粟子雞肉炊飯,(冷凍商品)粟子雞肉炊飯 ,9其他,搭伙伴,
(冷凍商品)黑蒜山藥雞湯,(冷凍商品)黑蒜山藥雞湯-,9其他,搭伙伴,
(冷凍商品)酸豇豆豬肉水餃50顆,(冷凍商品)酸豇豆豬肉水餃50顆-,9其他,搭伙伴,
(冷凍商品)膠原豬腳湯,(冷凍商品)膠原豬腳湯-,9其他,搭伙伴,
(冷凍商品)蔬菜燉雞煲湯-附麵,(冷凍商品)蔬菜燉雞煲湯-附麵-,9其他,搭伙伴,
(冷凍商品)醃冬瓜虱目魚2片,(冷凍商品)醃冬瓜虱目魚2片-,9其他,搭伙伴,
(冷凍商品)魷魚螺肉蒜,(冷凍商品)魷魚螺肉蒜 ,9其他,搭伙伴,
(冷凍商品)鮮魚五穀粥,(冷凍商品)鮮魚五穀粥-,9其他,搭伙伴,
(冷凍商品)鮮筍竹笙雞湯,(冷凍商品)鮮筍竹笙雞湯-,9其他,搭伙伴,
(冷凍商品)雞腿味噌燒2片,(冷凍商品)雞腿味噌燒2片-,9其他,搭伙伴,
(冷凍商品)鯖魚,(冷凍商品)鯖魚 ,9其他,搭伙伴,
(推薦)麻辣牛三寶(牛筋、牛肚、牛腱),(推薦)麻辣牛三寶(牛筋、牛肚、牛腱)-,9其他,搭伙伴,
牛尾湯（冷凍包）,牛尾湯（冷凍包）-,9其他,搭伙伴,
松露堅果起司（冷凍）,松露堅果起司（冷凍）-,9其他,搭伙伴,
泡椒鳳爪300克,泡椒鳳爪300克-,9其他,搭伙伴,
紅茶烏龍/四兩,紅茶烏龍/四兩-,9其他,搭伙伴,
胡麻醬,胡麻醬-,9其他,搭伙伴,
桃膠竹蔗水/500ml,桃膠竹蔗水/500ml-,9其他,搭伙伴,
特級初榨橄欖油/瓶(1000ml),特級初榨橄欖油/瓶(1000ml)-,9其他,搭伙伴,
茶葉/一斤,茶葉/一斤-,9其他,搭伙伴,
茶葉/四兩,茶葉/四兩-,9其他,搭伙伴,
草莓果醬（陶膳）,草莓果醬（陶膳）-,9其他,搭伙伴,
起司烏魚子（冷凍）,起司烏魚子（冷凍）-,9其他,搭伙伴,
現金抵用券,現金抵用券-,9其他,搭伙伴,
陶膳甕底醬油/250ml,陶膳甕底醬油/250ml-,9其他,搭伙伴,
陶膳甕底醬油/250ml(三瓶),陶膳甕底醬油/250ml(三瓶)-,9其他,搭伙伴,
麻辣牛三寶,麻辣牛三寶-,9其他,搭伙伴,
提拉米蘇,提拉米蘇-,9其他,搭伙伴,
稅金,稅金-,9其他,搭伙伴,
搭伙伴-一夜乾,搭伙伴-一夜乾-,9其他,搭伙伴,
秘製滷花生*,搭伙伴-古早味滷花生-,9其他,搭伙伴,
搭伙伴-古早味滷花生,搭伙伴-古早味滷花生-,9其他,搭伙伴,
搭伙伴-老甕滷肉燥,搭伙伴-老甕滷肉燥-,9其他,搭伙伴,
搭伙伴-紅燒牛肉湯,搭伙伴-紅燒牛肉湯-,9其他,搭伙伴,
搭伙伴-茄汁咖哩牛肉,搭伙伴-茄汁咖哩牛肉-,9其他,搭伙伴,
搭伙伴-特製鹹豬肉,搭伙伴-特製鹹豬肉-,9其他,搭伙伴,
搭伙伴-草莓果醬,搭伙伴-草莓果醬-,9其他,搭伙伴,
搭伙伴-清燉牛肉湯,搭伙伴-清燉牛肉湯-,9其他,搭伙伴,
搭伙伴-紹興醉士雞腿,搭伙伴-紹興醉士雞腿-,9其他,搭伙伴,
搭伙伴-紹興醉蝦,搭伙伴-紹興醉蝦-,9其他,搭伙伴,
搭伙伴-陶膳甕底醬油,搭伙伴-陶膳甕底醬油-,9其他,搭伙伴,
搭伙伴-陶膳甕底醬油(三瓶),搭伙伴-陶膳甕底醬油(三瓶)-,9其他,搭伙伴,
搭伙伴-舒肥雞肉絲,搭伙伴-舒肥雞肉絲-,9其他,搭伙伴,
搭伙伴-膠原豬腳湯,搭伙伴-膠原豬腳湯-,9其他,搭伙伴,
搭伙伴-蝦米辣椒,搭伙伴-蝦米辣椒-,9其他,搭伙伴,
搭夥伴-古早味滷花生,搭夥伴-古早味滷花生-,9其他,搭伙伴,
搭夥伴-老甕滷肉燥,搭夥伴-老甕滷肉燥-,9其他,搭伙伴,
搭夥伴-紅燒牛肉湯,搭夥伴-紅燒牛肉湯-,9其他,搭伙伴,
搭夥伴-茄汁咖哩牛肉,搭夥伴-茄汁咖哩牛肉-,9其他,搭伙伴,
搭夥伴-特製鹹豬肉,搭夥伴-特製鹹豬肉-,9其他,搭伙伴,
搭夥伴-草莓果醬,搭夥伴-草莓果醬-,9其他,搭伙伴,
搭夥伴-清燉牛肉湯,搭夥伴-清燉牛肉湯-,9其他,搭伙伴,
搭夥伴-紹興醉士雞腿,搭夥伴-紹興醉士雞腿-,9其他,搭伙伴,
搭夥伴-紹興醉蝦,搭夥伴-紹興醉蝦-,9其他,搭伙伴,
搭夥伴-陶膳甕底醬油,搭夥伴-陶膳甕底醬油-,9其他,搭伙伴,
搭夥伴-陶膳甕底醬油(三瓶),搭夥伴-陶膳甕底醬油(三瓶)-,9其他,搭伙伴,
搭夥伴-舒肥雞肉絲,搭夥伴-舒肥雞肉絲-,9其他,搭伙伴,
搭夥伴-蝦米辣椒,搭夥伴-蝦米辣椒-,9其他,搭伙伴,
運費,運費 ,9其他,搭伙伴,
滷包,滷包 ,9其他,搭伙伴,
辣油辣椒/魔鬼辣椒/180ml,辣油辣椒/魔鬼辣椒/180ml-,9其他,搭伙伴,
酸豇豆小菜（500克）,酸豇豆小菜（500克）-,9其他,搭伙伴,
蝦皮手續費,蝦皮手續費-,9其他,搭伙伴,
蝦米辣椒/180ml,蝦米辣椒/180ml-,9其他,搭伙伴,
橄欖油1000ml/三瓶,橄欖油1000ml/三瓶-,9其他,搭伙伴,
橄欖油1000ml/兩瓶,橄欖油1000ml/兩瓶-,9其他,搭伙伴,
麵條,麵條-,9其他,搭伙伴,
X.O醬,X.O醬-,9其他,搭伙伴,
XO醬（3罐）,XO醬（3罐）-,9其他,搭伙伴,
10點換古早味滷花生,10點換古早味滷花生-,9其他,點數換贈品,
12點換水果酒,12點換水果酒-,9其他,點數換贈品,
14點換炒季節時蔬,14點換炒季節時蔬-,9其他,點數換贈品,
15點換炒季節時蔬,15點換炒季節時蔬-,9其他,點數換贈品,
15點換雙拼串燒,15點換雙拼串燒-,9其他,點數換贈品,
18點換雙拼串燒,18點換雙拼串燒-,9其他,點數換贈品,
20點換炒季節時蔬,20點換炒季節時蔬 ,9其他,點數換贈品,
20點換雙拼串燒,20點換雙拼串燒-,9其他,點數換贈品,
22點換炒季節時蔬,22點換炒季節時蔬-,9其他,點數換贈品,
22點換炸雞軟骨,22點換炸雞軟骨-,9其他,點數換贈品,
22點換綜合刺身/五切,22點換綜合刺身/五切-,9其他,點數換贈品,
25點換酥炸鰭邊骨,25點換酥炸鰭邊骨-,9其他,點數換贈品,
25點換燒霜鮭魚果醋,25點換燒霜鮭魚果醋-,9其他,點數換贈品,
25點換鹽烤鯖魚,25點換鹽烤鯖魚 ,9其他,點數換贈品,
30點換炸雞軟骨,30點換炸雞軟骨-,9其他,點數換贈品,
30點換綜合刺身,30點換綜合刺身-,9其他,點數換贈品,
30點換綜合刺身/五切,30點換綜合刺身/五切-,9其他,點數換贈品,
30點換燒霜鮭魚果醋,30點換燒霜鮭魚果醋-,9其他,點數換贈品,
30點換鱈魚肝果醋,30點換鱈魚肝果醋-,9其他,點數換贈品,
35點換日本清酒,35點換日本清酒-,9其他,點數換贈品,
35點換燒霜鮭魚果醋,35點換燒霜鮭魚果醋 ,9其他,點數換贈品,
35點換鹽烤中卷,35點換鹽烤中卷-,9其他,點數換贈品,
40點換酒蒸中卷,40點換酒蒸中卷-,9其他,點數換贈品,
10貫握壽司,10貫握壽司-,9其他,舊菜單,
20點換日本汽水,20點換日本汽水-,9其他,舊菜單,
299元喝到飽,299元喝到飽-,9其他,舊菜單,
40點換鹽烤一夜乾,40點換鹽烤一夜乾-,9其他,舊菜單,
6貫握壽司,6貫握壽司-,9其他,舊菜單,
一人防疫無菜單,一人防疫無菜單-,9其他,舊菜單,
一夜乾,一夜乾-,9其他,舊菜單,
一夜乾(吾仔魚),一夜乾(吾仔魚)-,9其他,舊菜單,
九州青甘下巴,九州青甘下巴-,9其他,舊菜單,
三千櫻/超軟水 純米吟釀/720ml,三千櫻/超軟水 純米吟釀/720ml-,9其他,舊菜單,
三角魚(時價),三角魚(時價)-,9其他,舊菜單,
大閘蟹,大閘蟹-,9其他,舊菜單,
小西冷榨300ml,小西冷榨300ml-,9其他,舊菜單,
山葵漬山藥,山葵漬山藥-,9其他,舊菜單,
干貝握/貫(大),干貝握/貫(大)-,9其他,舊菜單,
干貝握壽司/貫(小),干貝握壽司/貫(小)-,9其他,舊菜單,
干貝蟹膏/1串,干貝蟹膏/串-,9其他,舊菜單,
干貝蟹膏串/串,干貝蟹膏/串-,9其他,舊菜單,
干貝蟹膏/串,干貝蟹膏/串-,9其他,舊菜單,
中秋柚子,中秋柚子-,9其他,舊菜單,
午仔魚一夜干定食,午仔魚一夜干定食-,9其他,舊菜單,
手工胡麻豆腐/粒,手工胡麻豆腐/粒-,9其他,舊菜單,
手作酒肴(時價),手作酒肴(時價)-,9其他,舊菜單,
日本厚岸石蚵刺身(時價),日本厚岸石蚵刺身(時價)-,9其他,舊菜單,
日本厚岸石蚵壽司(時價),日本厚岸石蚵壽司(時價)-,9其他,舊菜單,
日本星鰻握/貫,日本星鰻握/貫-,9其他,舊菜單,
日本鰤魚握/貫,日本鰤魚握/貫-,9其他,舊菜單,
日式炸豬排,日式炸豬排-,9其他,舊菜單,
月山300ml,月山300ml-,9其他,舊菜單,
比目魚緣側握壽司/貫,比目魚緣側握壽司/貫-,9其他,舊菜單,
比目魚鮭魚卵蓋飯,比目魚鮭魚卵蓋飯-,9其他,舊菜單,
毛毛蟲壽司/本,毛毛蟲壽司/本-,9其他,舊菜單,
水果塔禮盒,水果塔禮盒-,9其他,舊菜單,
水蜜桃燒酒,水蜜桃燒酒-,9其他,舊菜單,
牛小排,牛小排-,9其他,舊菜單,
牛小排肉盤/250克,牛小排肉盤/250克-,9其他,舊菜單,
牛肉味噌湯,牛肉味噌湯-,9其他,舊菜單,
牛排蓋飯,牛排蓋飯-,9其他,舊菜單,
牛筋味增煮,牛筋味增煮-,9其他,舊菜單,
牛蒡手卷,牛蒡手卷-,9其他,舊菜單,
牛蒡炒豚肉,牛蒡炒豚肉-,9其他,舊菜單,
牛蒡蘋果手卷,牛蒡蘋果手卷-,9其他,舊菜單,
加茂錦/超軟水 無過濾吟釀/720ml,加茂錦/超軟水 無過濾吟釀/720ml-,9其他,舊菜單,
北海道干貝刺身/2粒,北海道干貝刺身/2粒-,9其他,舊菜單,
北海道干貝握/貫(小),北海道干貝握/貫(小)-,9其他,舊菜單,
北海道海膽握壽司/貫,北海道海膽握壽司/貫-,9其他,舊菜單,
北寄貝,北寄貝-,9其他,舊菜單,
半藏/神之穗 純米大吟釀/720ml,半藏/神之穗 純米大吟釀/720ml-,9其他,舊菜單,
奶油白菜,奶油白菜-,9其他,舊菜單,
奶油蛤蠣,奶油蛤蠣-,9其他,舊菜單,
布里沙拉,布里沙拉-,9其他,舊菜單,
本港紅甘刺身七切,本港紅甘刺身七切-,9其他,舊菜單,
本港鮪魚刺身/七切,本港鮪魚刺身/七切-,9其他,舊菜單,
玉子燒,玉子燒-,9其他,舊菜單,
玉極閣(大麥),玉極閣(大麥)-,9其他,舊菜單,
生牛肉,生牛肉-,9其他,舊菜單,
生鮮軟絲明太燒,生鮮軟絲明太燒-,9其他,舊菜單,
白子炒蒜苗,白子炒蒜苗-,9其他,舊菜單,
白貝薑汁,白貝薑汁-,9其他,舊菜單,
白蝦紹興漬,白蝦紹興漬-,9其他,舊菜單,
石狗公(時價),石狗公(時價)-,9其他,舊菜單,
石蚵唐揚,石蚵唐揚-,9其他,舊菜單,
石蚵唐揚/4顆,石蚵唐揚/4顆-,9其他,舊菜單,
石蟳,石蟳-,9其他,舊菜單,
冰卷/隻,冰卷/隻-,9其他,舊菜單,
羊肉串/串,羊肉串/串-,9其他,舊菜單,
老鼠斑(時價),老鼠斑(時價)-,9其他,舊菜單,
自漬鮭魚卵握/貫,自漬鮭魚卵握/貫-,9其他,舊菜單,
自製一夜干(時價),自製一夜干(時價)-,9其他,舊菜單,
冷讚岐烏龍麵,冷讚岐烏龍麵-,9其他,舊菜單,
杏鮑菇明太燒,杏鮑菇明太燒-,9其他,舊菜單,
杏鮑菇明太燒/2串,杏鮑菇明太燒/2串-,9其他,舊菜單,
杏鮑菇明太燒/串,杏鮑菇明太燒/串-,9其他,舊菜單,
沙丁魚握壽司/粒,沙丁魚握壽司/粒-,9其他,舊菜單,
牡丹蝦刺身/2隻,牡丹蝦刺身/2隻-,9其他,舊菜單,
牡丹蝦刺身/隻,牡丹蝦刺身/隻-,9其他,舊菜單,
豆皮壽司/5粒,豆皮壽司/5粒-,9其他,舊菜單,
豆皮壽司/五粒,豆皮壽司/五貫-,9其他,舊菜單,
豆皮壽司/五貫,豆皮壽司/五貫-,9其他,舊菜單,
防疫包,防疫包-,9其他,舊菜單,
刺身海鮮沙拉定食,刺身海鮮沙拉定食-,9其他,舊菜單,
味噌湯,味噌湯-,9其他,舊菜單,
味噌雞腿蓋飯,味噌雞腿蓋飯-,9其他,舊菜單,
味增雞腿蓋飯,味噌雞腿蓋飯-,9其他,舊菜單,
味增雞腿蓋飯定,味噌雞腿蓋飯定-,9其他,舊菜單,
和牛*3貫,和牛*3貫-,9其他,舊菜單,
和牛/貫,和牛/貫-,9其他,舊菜單,
和風洋蔥醋,和風洋蔥醋-,9其他,舊菜單,
和風雞唐揚,和風雞唐揚-,9其他,舊菜單,
季節時鮮一夜干定食,季節時鮮一夜干定食-,9其他,舊菜單,
季節鮮魚/時價,季節時鮮魚(時價)-,9其他,舊菜單,
明太子中卷燒定食,明太子中卷燒定食-,9其他,舊菜單,
明太子手羽/隻,明太子手羽/隻-,9其他,舊菜單,
明太子比目魚/星鰻蓋飯,明太子比目魚/星鰻蓋飯-,9其他,舊菜單,
明太子比目魚緣撤-星鰻蓋飯,明太子比目魚緣撤-星鰻蓋飯-,9其他,舊菜單,
明太子炒中卷,明太子炒中卷-,9其他,舊菜單,
明太子炒烏龍麵定食,明太子炒烏龍麵定食-,9其他,舊菜單,
明太子雞肉串/2串,明太子雞肉串/2串-,9其他,舊菜單,
明蝦天婦羅 隻,明蝦天婦羅 隻-,9其他,舊菜單,
明蝦天婦羅/隻,明蝦天婦羅 隻-,9其他,舊菜單,
明蝦天婦羅/2支,明蝦天婦羅/2支-,9其他,舊菜單,
明蝦天婦羅/2隻,明蝦天婦羅/2隻-,9其他,舊菜單,
松露鮭魚握/貫,松露鮭魚握/貫-,9其他,舊菜單,
油封干貝手卷,油封干貝手卷-,9其他,舊菜單,
油蔥角螺,油蔥角螺-,9其他,舊菜單,
法國白蘇維翁混賽美蓉-白標,法國白蘇維翁混賽美蓉-白標-,9其他,舊菜單,
法國粉紅氣泡酒,法國粉紅氣泡酒-,9其他,舊菜單,
波斯頓龍蝦,波斯頓龍蝦-,9其他,舊菜單,
炒烏龍麵,炒烏龍麵-,9其他,舊菜單,
炙焦糖鮭魚/2貫,炙焦糖鮭魚/2貫-,9其他,舊菜單,
炙焦糖鮭魚握/貫,炙焦糖鮭魚握/貫-,9其他,舊菜單,
炙燒鮭魚果醋,炙燒鮭魚果醋--,9其他,舊菜單,
炙鰈魚鰭邊手卷,炙鰈魚鰭邊手卷-,9其他,舊菜單,
玫瑰包,玫瑰包-,9其他,舊菜單,
玫瑰奶黃包,玫瑰奶黃包-,9其他,舊菜單,
玫瑰汽水,玫瑰汽水-,9其他,舊菜單,
玫瑰蜜茶,玫瑰蜜茶-,9其他,舊菜單,
空心菜,空心菜-,9其他,舊菜單,
芝蝦唐揚,芝蝦唐揚-,9其他,舊菜單,
芬達,芬達-,9其他,舊菜單,
花蟹,花蟹-,9其他,舊菜單,
金沙茭白筍/串,金沙茭白筍/串-,9其他,舊菜單,
金沙茭白筍串,金沙茭白筍串-,9其他,舊菜單,
金沙筊白筍,金沙筊白筍-,9其他,舊菜單,
金沙筊白筍/2串,金沙筊白筍/2串-,9其他,舊菜單,
金沙筊白筍/串,金沙筊白筍/串-,9其他,舊菜單,
金牌啤酒,金牌啤酒-,9其他,舊菜單,
金線魚,金線魚-,9其他,舊菜單,
阿根廷雪甘露馬爾貝紅酒,阿根廷雪甘露馬爾貝紅酒-,9其他,舊菜單,
青甘下巴,青甘下巴-,9其他,舊菜單,
青甘刺身 七切(時價),青甘刺身 七切(時價)-,9其他,舊菜單,
青甘握壽司/貫,青甘握壽司/貫-,9其他,舊菜單,
青衣,青衣-,9其他,舊菜單,
信州蘋果,信州蘋果-,9其他,舊菜單,
前菜/主食/強肴/串燒/豆腐/吸物,前菜/主食/強肴/串燒/豆腐/吸物-,9其他,舊菜單,
前菜/刺身/壽司/熟食1/熟食2/吸物,前菜/刺身/壽司/熟食1/熟食2/吸物-,9其他,舊菜單,
厚岸石蚵唐揚/4顆,厚岸石蚵唐揚/4顆-,9其他,舊菜單,
星鰻天婦羅定食,星鰻天婦羅定食-,9其他,舊菜單,
柚子汽水,柚子汽水-,9其他,舊菜單,
柚香豚肉串/串,柚香豚肉串/串-,9其他,舊菜單,
柚香雞腿/串,柚香雞腿/串-,9其他,舊菜單,
柚鹽雞肉串/2串,柚鹽雞肉串/2串-,9其他,舊菜單,
柚鹽雞腿/串,柚鹽雞腿/串-,9其他,舊菜單,
活中卷姿造,活中卷姿造-,9其他,舊菜單,
炸牛排定食,炸牛排定食-,9其他,舊菜單,
疣鯛西京燒,疣鯛西京燒-,9其他,舊菜單,
秋刀魚甘露煮,秋刀魚甘露煮-,9其他,舊菜單,
秋刀魚握壽司,秋刀魚握壽司-,9其他,舊菜單,
紅甘刺身 七切,紅甘刺身 七切-,9其他,舊菜單,
紅甘刺身,紅甘刺身-,9其他,舊菜單,
紅甘握壽司/貫,紅甘握壽司/貫-,9其他,舊菜單,
紅目鰱(時價),紅目鰱(時價)-,9其他,舊菜單,
紅喉(時價),紅喉(時價)-,9其他,舊菜單,
紅新娘,紅新娘-,9其他,舊菜單,
紅燒牛肉湯泡飯,紅燒牛肉湯泡飯-,9其他,舊菜單,
紅蟳,紅蟳-,9其他,舊菜單,
美國卡貝納蘇維翁紅酒,美國卡貝納蘇維翁紅酒-,9其他,舊菜單,
香魚(時價),香魚(時價)-,9其他,舊菜單,
香煎牛排定食,香煎牛排定食-,9其他,舊菜單,
凍明蝦,凍明蝦-,9其他,舊菜單,
剝皮魚西京燒,剝皮魚西京燒-,9其他,舊菜單,
振興券200元,振興券200元-,9其他,舊菜單,
振興券500元,振興券500元-,9其他,舊菜單,
時令,時令-,9其他,舊菜單,
時令海鮮寄世鍋(時價),時令海鮮寄世鍋(時價)-,9其他,舊菜單,
時鮮魚下巴(時價),時鮮魚下巴(時價)-,9其他,舊菜單,
桃膠水,桃膠水-,9其他,舊菜單,
桃膠竹蔗水(贈送),桃膠竹蔗水(贈送)-,9其他,舊菜單,
桃膠銀耳露,桃膠銀耳露-,9其他,舊菜單,
海大蝦,海大蝦-,9其他,舊菜單,
海膽手卷,海膽手卷-,9其他,舊菜單,
海膽手卷/支,海膽手卷-,9其他,舊菜單,
海膽握壽司/貫,海膽握壽司/貫-,9其他,舊菜單,
海鮮刺身沙拉,海鮮刺身沙拉-,9其他,舊菜單,
海鮮南瓜濃湯/碗,海鮮南瓜濃湯/碗-,9其他,舊菜單,
海鮮蓋飯,海鮮蓋飯-,9其他,舊菜單,
海蘆蝦,海蘆蝦-,9其他,舊菜單,
烏格魚/黑莿鯛,烏格魚/黑莿鯛-,9其他,舊菜單,
烏魚腱/串,烏魚腱/串-,9其他,舊菜單,
烤土雞翅/支,烤土雞翅/支-,9其他,舊菜單,
烤中卷,烤中卷-,9其他,舊菜單,
烤和牛牛小排,烤和牛牛小排-,9其他,舊菜單,
烤鯖魚定食,烤鯖魚定食-,9其他,舊菜單,
特製六吋刺身蛋糕,特製六吋刺身蛋糕-,9其他,舊菜單,
珠寶盒刺身蛋糕搭配生蠔,珠寶盒刺身蛋糕搭配生蠔-,9其他,舊菜單,
珠寶盒刺身蛋糕搭配氣泡清酒,珠寶盒刺身蛋糕搭配氣泡清酒-,9其他,舊菜單,
真澄80ml,真澄80ml-,9其他,舊菜單,
納豆小缽,納豆小缽-,9其他,舊菜單,
素飯糰,素飯糰-,9其他,舊菜單,
胭脂蝦刺身,胭脂蝦刺身-,9其他,舊菜單,
胭脂蝦刺身/1隻,胭脂蝦刺身/1隻-,9其他,舊菜單,
草莓汽水,草莓汽水-,9其他,舊菜單,
草莓燒酒,草莓燒酒-,9其他,舊菜單,
除夕內用,除夕內用-,9其他,舊菜單,
除夕外帶,除夕外帶-,9其他,舊菜單,
乾煎剝皮魚,乾煎剝皮魚-,9其他,舊菜單,
乾煎鮭魚排定食,乾煎鮭魚排定食-,9其他,舊菜單,
情人節蛋糕,情人節蛋糕-,9其他,舊菜單,
清燉牛肉湯/碗,清燉牛肉湯/碗-,9其他,舊菜單,
甜蝦刺身/2隻,甜蝦刺身/2隻-,9其他,舊菜單,
甜蝦刺身1隻,甜蝦刺身1隻-,9其他,舊菜單,
甜蘿蔓,甜蘿蔓-,9其他,舊菜單,
荸薺,荸薺-,9其他,舊菜單,
蛋奶素精進料理定食,蛋奶素精進料理定食-,9其他,舊菜單,
軟殼蟹唐揚,軟殼蟹唐揚-,9其他,舊菜單,
軟殼蟹壽司/本,軟殼蟹壽司/本-,9其他,舊菜單,
野生紅甘握/貫,野生紅甘握/貫-,9其他,舊菜單,
陶膳生牛肉,陶膳生牛肉-,9其他,舊菜單,
章魚漬,章魚漬-,9其他,舊菜單,
魚肉味噌湯,魚肉味噌湯-,9其他,舊菜單,
魚肉味噌湯/品,魚肉味噌湯-,9其他,舊菜單,
魚肉味噌湯/碗,魚肉味噌湯-,9其他,舊菜單,
魚頭火鍋,魚頭火鍋-,9其他,舊菜單,
魚頭味噌湯,魚頭味噌湯-,9其他,舊菜單,
魚頭味噌湯/品,魚頭味噌湯-,9其他,舊菜單,
魚頭味噌湯/碗,魚頭味噌湯-,9其他,舊菜單,
魚頭海鮮寄世鍋,魚頭海鮮寄世鍋-,9其他,舊菜單,
魚頭薑汁湯,魚頭薑汁湯-,9其他,舊菜單,
魚頭薑汁湯/品,魚頭薑汁湯-,9其他,舊菜單,
魚頭薑汁湯/碗,魚頭薑汁湯-,9其他,舊菜單,
麻辣舒肥雞胸肉(冷凍),麻辣舒肥雞胸肉(冷凍)-,9其他,舊菜單,
麻糬三姊妹/串,麻糬三姊妹/串-,9其他,舊菜單,
麻糬姊妹,麻糬姊妹-,9其他,舊菜單,
麻糬姊妹(招待),麻糬姊妹(招待)-,9其他,舊菜單,
椒鹽本港甜蝦,椒鹽本港甜蝦-,9其他,舊菜單,
無花果天婦羅/朵,無花果天婦羅/朵-,9其他,舊菜單,
無骨牛小排,無骨牛小排-,9其他,舊菜單,
萊姆 梅酒/200ml,萊姆 梅酒/200ml-,9其他,舊菜單,
蛤蠣味增湯,蛤蠣味增湯-,9其他,舊菜單,
蛤蠣精力湯,蛤蠣精力湯-,9其他,舊菜單,
蛤蠣薑汁湯,蛤蠣薑汁湯-,9其他,舊菜單,
酥炸紅尾冬,酥炸紅尾冬-,9其他,舊菜單,
黑喉,黑喉-,9其他,舊菜單,
黑蒜山藥雞湯(冷凍),黑蒜山藥雞湯(冷凍)-,9其他,舊菜單,
黑鮪魚下巴*2,黑鮪魚下巴*2-,9其他,舊菜單,
黑鮪魚松露海膽蓋飯,黑鮪魚松露海膽蓋飯-,9其他,舊菜單,
黑鮪魚海膽蟹肉大捲壽司,黑鮪魚海膽蟹肉大捲壽司-,9其他,舊菜單,
黑鮪魚醬漬蓋飯,黑鮪魚醬漬蓋飯-,9其他,舊菜單,
極上刺身盛合,極上刺身盛合-,9其他,舊菜單,
滑菇雞湯,滑菇雞湯-,9其他,舊菜單,
滑菇雞湯/碗,滑菇雞湯/碗-,9其他,舊菜單,
煙燻鯊魚,煙燻鯊魚-,9其他,舊菜單,
當日特上刺身時令(時價),當日特上刺身時令(時價)-,9其他,舊菜單,
節瓜串/串,節瓜串/串-,9其他,舊菜單,
經典六貫握壽司,經典六貫握壽司-,9其他,舊菜單,
葡萄牙伊美白酒,葡萄牙伊美白酒-,9其他,舊菜單,
葡萄燒酒,葡萄燒酒-,9其他,舊菜單,
達摩汽水,達摩汽水-,9其他,舊菜單,
嘗鮮酒餚四驚喜,嘗鮮酒餚四驚喜-,9其他,舊菜單,
滷花生,滷花生-,9其他,舊菜單,
滿月生蠔,滿月生蠔-,9其他,舊菜單,
滿滿鮭魚花松露蓋飯,滿滿鮭魚花松露蓋飯-,9其他,舊菜單,
精進料理,精進料理-,9其他,舊菜單,
精進料理定食,精進料理定食-,9其他,舊菜單,
綜合串燒/五串,綜合串燒/五串-,9其他,舊菜單,
綜合刺身,綜合刺身-,9其他,舊菜單,
綜合刺身七切,綜合刺身七切-,9其他,舊菜單,
豪邁鐵火蓋飯,豪邁鐵火蓋飯-,9其他,舊菜單,
魟魚翅地燒,魟魚翅地燒-,9其他,舊菜單,
鳳凰,鳳凰-,9其他,舊菜單,
膠原豬腳白湯,膠原豬腳白湯-,9其他,舊菜單,
蔬菜燉雞煲湯-附麵(冷凍),蔬菜燉雞煲湯-附麵(冷凍)-,9其他,舊菜單,
蝦卵手卷,蝦卵手卷-,9其他,舊菜單,
蝦卵手卷/支,蝦卵手卷/支-,9其他,舊菜單,
蝦蘆筍手卷,蝦蘆筍手卷-,9其他,舊菜單,
蝦蘆筍手卷/支,蝦蘆筍手卷/支-,9其他,舊菜單,
豬肉壽喜燒定,豬肉壽喜燒定-,9其他,舊菜單,
豬肉壽喜燒定食,豬肉壽喜燒定食-,9其他,舊菜單,
醉蝦,醉蝦-,9其他,舊菜單,
醉雞,醉雞-,9其他,舊菜單,
醉鯨/生酒 純米吟釀/720ml,醉鯨/生酒 純米吟釀/720ml-,9其他,舊菜單,
橄欖油/兩瓶,橄欖油/兩瓶-,9其他,舊菜單,
橄欖油/瓶,橄欖油/瓶-,9其他,舊菜單,
燒炙鮭魚果醋定食,燒炙鮭魚果醋定食-,9其他,舊菜單,
燒製鮭魚果醋,燒製鮭魚果醋-,9其他,舊菜單,
燒製鮭魚果醋定食,燒製鮭魚果醋定食-,9其他,舊菜單,
靜岡草莓汽水,靜岡草莓汽水-,9其他,舊菜單,
鮑魚,鮑魚-,9其他,舊菜單,
鮑魚和風沙拉,鮑魚和風沙拉-,9其他,舊菜單,
龍膽石斑,龍膽石斑-,9其他,舊菜單,
薑汁牛燒肉定食,薑汁牛燒肉定食-,9其他,舊菜單,
薑汁牛燒肉蓋飯定食,薑汁牛燒肉定食-,9其他,舊菜單,
薑汁豚肉,薑汁豚肉-,9其他,舊菜單,
薑汁蛤/碗,薑汁蛤/碗-,9其他,舊菜單,
薑汁雲蛤湯,薑汁雲蛤湯-,9其他,舊菜單,
薑汁豬肉,薑汁豬肉-,9其他,舊菜單,
薑味牛燒肉蓋飯,薑味牛燒肉蓋飯-,9其他,舊菜單,
薑味牛燒肉蓋飯定食,薑味牛燒肉蓋飯定食-,9其他,舊菜單,
霜降豚肉西京燒定食,霜降豚肉西京燒定食-,9其他,舊菜單,
霜降豚西京燒,霜降豚西京燒-,9其他,舊菜單,
鮪魚大腹七切,鮪魚大腹七切-,9其他,舊菜單,
鮪魚中腹七切,鮪魚中腹七切-,9其他,舊菜單,
鮪魚刺身 七切,鮪魚刺身 七切-,9其他,舊菜單,
鮪魚刺身/七切,鮪魚刺身/七切-,9其他,舊菜單,
鮪魚泥鰈魚翅蓋飯,鮪魚泥鰈魚翅蓋飯-,9其他,舊菜單,
鮪魚蔥手卷,鮪魚蔥手卷-,9其他,舊菜單,
鮪魚蔥軍艦/貫,鮪魚蔥軍艦/貫-,9其他,舊菜單,
鮪魚雙層蓋飯,鮪魚雙層蓋飯-,9其他,舊菜單,
鮭魚卵小缽,鮭魚卵小缽-,9其他,舊菜單,
鮭魚卵握壽司/貫,鮭魚卵握壽司/貫-,9其他,舊菜單,
鮭魚刺身 七切,鮭魚刺身 七切-,9其他,舊菜單,
鮭魚刺身,鮭魚刺身-,9其他,舊菜單,
鮭魚刺身/7切,鮭魚刺身/7切-,9其他,舊菜單,
鮭魚刺身/七切,鮭魚刺身/七切-,9其他,舊菜單,
鮭魚刺身七切,鮭魚刺身七切-,9其他,舊菜單,
鮭魚握壽司/粒,鮭魚握壽司/粒-,9其他,舊菜單,
鮭魚飯糰,鮭魚飯糰-,9其他,舊菜單,
鮭魚飯糰/1粒,鮭魚飯糰/1粒-,9其他,舊菜單,
鮭魚親子蓋飯,鮭魚親子蓋飯-,9其他,舊菜單,
鮮魚五穀粥(冷凍),鮮魚五穀粥(冷凍)-,9其他,舊菜單,
鮮筍竹笙雞湯(冷凍),鮮筍竹笙雞湯(冷凍)-,9其他,舊菜單,
藏元 柚子酒/200ml,藏元 柚子酒/200ml-,9其他,舊菜單,
蟳蟹火鍋,蟳蟹火鍋-,9其他,舊菜單,
醬漬鮭魚卵握壽司/貫,醬漬鮭魚卵握壽司/貫-,9其他,舊菜單,
醬燒黑鮪魚肚蓋飯,醬燒黑鮪魚肚蓋飯-,9其他,舊菜單,
雙拼主廚特餐,雙拼主廚特餐(冷台/熱台)-,9其他,舊菜單,
雞肉火鍋,雞肉火鍋-,9其他,舊菜單,
雞肉親子蓋飯,雞肉親子蓋飯-,9其他,舊菜單,
雞軟骨,雞軟骨-,9其他,舊菜單,
鯊魚肉炒,鯊魚肉炒-,9其他,舊菜單,
麒麟啤酒,麒麟啤酒-,9其他,舊菜單,
蘆筍手卷,蘆筍手卷-,9其他,舊菜單,
鰈魚翅星鰻蓋飯,鰈魚翅星鰻蓋飯-,9其他,舊菜單,
櫻花可樂,櫻花可樂-,9其他,舊菜單,
鐵火蓋飯,鐵火蓋飯-,9其他,舊菜單,
鐵幹甕士(甘藷),鐵幹甕士(甘藷)-,9其他,舊菜單,
鱈魚白子握/貫,鱈魚白子握/貫-,9其他,舊菜單,
驚喜味噌湯,驚喜味噌湯-,9其他,舊菜單,
驚喜酒餚,驚喜酒餚-,9其他,舊菜單,
鹽烤土雞翅/1支,鹽烤土雞翅/1支-,9其他,舊菜單,
鹽烤青雞魚,鹽烤青雞魚-,9其他,舊菜單,
鹽烤挪威鯖魚,鹽烤挪威鯖魚-,9其他,舊菜單,
鹽烤海大蝦,鹽烤海大蝦-,9其他,舊菜單,
鹽烤野生紅喉,鹽烤野生紅喉-,9其他,舊菜單,
鹽烤雞肉串/串,鹽烤雞肉串/串-,9其他,舊菜單,
讚歧烏龍麵,讚歧烏龍麵-,9其他,舊菜單,
PSB散壽司,PSB散壽司-,9其他,舊菜單,
雪梅 純米吟釀,雪梅 純米吟釀-,6酒水,東洋酒,
七賢 天鵞絨 純米吟釀,七賢 天鵞絨 純米吟釀-,6酒水,東洋酒,
狹山 紅茶梅酒/200ml,狹山 紅茶梅酒/200ml-,6酒水,東洋酒,
醉鯨 吟麗 純米吟釀 300ml,醉鯨 吟麗 純米吟釀 300ml-,6酒水,東洋酒,
雪梅買一送一（熱）,雪梅買一送一（熱）-,6酒水,東洋酒,
原味燒酒,原味燒酒-,6酒水,東洋酒,
雪梅買一送一（冰）,雪梅買一送一（冰）-,6酒水,東洋酒,
醉鯨 TENT HOUSE,醉鯨 TENT HOUSE-,6酒水,東洋酒,
泉姬 柚子果實酒,泉姬 柚子果實酒-,6酒水,東洋酒,
真澄 白妙純米吟釀,真澄 白妙純米吟釀-,6酒水,東洋酒,
清酒（單杯）,清酒（單杯）-,6酒水,東洋酒,
山丹 正宗 本釀造 300ml,山丹 正宗 本釀造 300ml-,6酒水,東洋酒,
葡萄牙 奧薇達酒莊 羅雷洛 白酒,葡萄牙 奧薇達酒莊 羅雷洛 白酒-,6酒水,東洋酒,
養樂多燒酒,養樂多燒酒-,6酒水,東洋酒,
山丹 正宗 本釀造 720ml,山丹 正宗 本釀造 720ml-,6酒水,東洋酒,
七賢 風凜美山 純米酒,七賢 風凜美山 純米酒-,6酒水,東洋酒,
醉鯨 純米大吟釀 高育 秋,醉鯨 純米大吟釀 高育 秋-,6酒水,東洋酒,
黑霧島(甘藷),黑霧島(甘藷)-,6酒水,東洋酒,
天孫降臨(蕃薯),天孫降臨(蕃薯)-,6酒水,東洋酒,
真澄 Miyasaka 美山錦 純米吟釀,真澄 Miyasaka 美山錦 純米吟釀-,6酒水,東洋酒,
醉鯨 吟麗 純米吟釀 720ml,醉鯨 吟麗 純米吟釀 720ml-,6酒水,東洋酒,
大盃 MACHO 山田錦,大盃 MACHO 山田錦-,6酒水,東洋酒,
龜泉 純米吟釀 CEL24 生酒,龜泉 純米吟釀 CEL24 生酒-,6酒水,東洋酒,
七賢 風凜美山 純米酒300ml,七賢 風凜美山 純米酒300ml-,6酒水,東洋酒,
手取川 山廢無濾過純米生原酒(720ml),手取川 山廢無濾過純米生原酒(720ml)-,6酒水,東洋酒,
智利 珍藏卡本內 紅酒,智利 珍藏卡本內 紅酒-,6酒水,東洋酒,
風之森 純米 ALPHA TYPE1 720ml,風之森 純米 ALPHA TYPE1 720ml-,6酒水,東洋酒,
真澄 山花 純米大吟釀,真澄 山花 純米大吟釀-,6酒水,東洋酒,
風之森 Origin 氣泡清酒 500ml,風之森 Origin 氣泡清酒 500ml-,6酒水,東洋酒,
龜泉 純米吟釀 吟麓,龜泉 純米吟釀 吟麓-,6酒水,東洋酒,
醴泉 無風 純米酒,醴泉 無風 純米酒-,6酒水,東洋酒,
鳳凰美田 Anniversary 2024,鳳凰美田 Anniversary 2024-,6酒水,東洋酒,
廣戶川 特別純米,廣戶川 特別純米-,6酒水,東洋酒,
宮泉 純米酒,宮泉 純米酒-,6酒水,東洋酒,
鳳凰美田 蜜桃酒,鳳凰美田 蜜桃酒-,6酒水,東洋酒,
墨廼江 特別純米,墨廼江 特別純米-,6酒水,東洋酒,
彩來 純米吟釀,彩來 純米吟釀-,6酒水,東洋酒,
安藝虎 山田錦,安藝虎 山田錦-,6酒水,東洋酒,
三諸杉 純米大吟釀,三諸杉 純米大吟釀-,6酒水,東洋酒,
惣譽 特別純米,惣譽 特別純米-,6酒水,東洋酒,
黑千壽,黑千壽-,6酒水,東洋酒,
2024冬餐酒貴腐酒2隻特價,2024冬餐酒貴腐酒2隻特價-,6酒水,東洋酒,
水芭蕉 蛇年限定 純米大吟釀,水芭蕉 蛇年限定 純米大吟釀-,6酒水,東洋酒,
福海 雄町 生酒,福海 雄町 生酒-,6酒水,東洋酒,
光榮菊,光榮菊-,6酒水,東洋酒,
彩來 花澄,彩來 花澄-,6酒水,東洋酒,
三諸杉,三諸杉-,6酒水,東洋酒,
田中六五,田中六五-,6酒水,東洋酒,
田中六五 系島 山田錦純米酒,田中六五 系島 山田錦純米酒-,6酒水,東洋酒,
彩來 特別純米 花澄無濾過原霞酒,彩來 特別純米 花澄無濾過原霞酒-,6酒水,東洋酒,
三諸杉 Dio Abita,三諸杉 Dio Abita-,6酒水,東洋酒,
Asahi生啤酒機,Asahi生啤酒機-,6酒水,啤酒,
18天生啤酒,18天生啤酒-,6酒水,啤酒,
水蜜桃汽水,水蜜桃汽水-,6酒水,非酒精飲料,
可爾必思汽水,可爾必思汽水-,6酒水,非酒精飲料,
高山冷泡茶,高山冷泡茶-,6酒水,非酒精飲料,
哈密瓜汽水,哈密瓜汽水-,6酒水,非酒精飲料,
可樂,可樂-,6酒水,非酒精飲料,
玫瑰蜜冷泡茶/800ml,玫瑰蜜冷泡茶/800ml-,6酒水,非酒精飲料,
可爾必思汽水（無糖）,可爾必思汽水（無糖）-,6酒水,非酒精飲料,
無糖優格氣泡飲,無糖優格氣泡飲-,6酒水,非酒精飲料,
柑橘可樂汽水,柑橘可樂汽水-,6酒水,非酒精飲料,
果汁,果汁-,6酒水,非酒精飲料,
生啤買一送一,生啤買一送一-,6酒水,啤酒,
比利時啤酒,比利時啤酒-,6酒水,啤酒,
Asahi生啤酒,Asahi生啤酒-,6酒水,啤酒,
慕赫 12年蘇格蘭單一純麥芽威士忌,慕赫 12年蘇格蘭單一純麥芽威士忌-,6酒水,西洋酒,
靜岡 白草莓奶酒,靜岡 白草莓奶酒-,6酒水,西洋酒,
摩爾 黑珍珠紅酒,摩爾 黑珍珠紅酒-,6酒水,西洋酒,
百富12年單一麥芽威士忌,百富12年單一麥芽威士忌-,6酒水,西洋酒,
沖繩 新裡 威士忌,沖繩 新裡 威士忌-,6酒水,西洋酒,
蘇格登12年歐洲版威士忌,蘇格登12年歐洲版威士忌-,6酒水,西洋酒,
義大利 天地酒莊 王牌風乾 紅酒,義大利 天地酒莊 王牌風乾 紅酒-,6酒水,西洋酒,
神息 吉野杉桶 威士忌,神息 吉野杉桶 威士忌-,6酒水,西洋酒,
神戶藍 雪莉桶 調和威士忌,神戶藍 雪莉桶 調和威士忌-,6酒水,西洋酒,
法國香檳,法國香檳-,6酒水,西洋酒,
梅酒/70ml,梅酒/70ml-,6酒水,西洋酒,
布爾松城堡 白酒,布爾松城堡 白酒-,6酒水,西洋酒,
Highball,Highball-,6酒水,西洋酒,
威士忌 shot/40ml,威士忌 shot/40ml-,6酒水,西洋酒,
西班牙 氣泡酒CAVA,西班牙 氣泡酒CAVA-,6酒水,西洋酒,
紐西蘭 白蘇維翁 白酒,紐西蘭 白蘇維翁 白酒-,6酒水,西洋酒,
智利 夏多內 白酒,智利 夏多內 白酒-,6酒水,西洋酒,
特選 莎當妮 （白酒）,特選 莎當妮 （白酒）-,6酒水,西洋酒,
波爾多 梅洛 紅酒,波爾多 梅洛 紅酒-,6酒水,西洋酒,
白酒(單杯),白酒(單杯)-,6酒水,西洋酒,
聖沛黎洛氣泡水,聖沛黎洛氣泡水-,6酒水,非酒精飲料,
紅酒(單杯),紅酒(單杯)-,6酒水,西洋酒,
麥卡倫12年單一麥芽威士忌,麥卡倫12年單一麥芽威士忌-,6酒水,西洋酒,
光榮菊 幾望 天然乳酸菌仕入 無濾過生原酒,光榮菊 幾望 天然乳酸菌仕入 無濾過生原酒,6酒水,東洋酒,
備註,備註,9其他,備註事項,
到達時間,到達時間,9其他,備註事項,
宵夜場（8：30後入場）,宵夜場（8：30後入場）,9其他,備註事項,
WAKAZE 白蘭地桶 Sake,WAKAZE 白蘭地桶 Sake,6酒水,西洋酒,
獨活蛤蜊湯,獨活蛤蜊湯,2黑板料理,季節食材/黑板菜單,
長翼鰆（裸鰆）,長翼鰆（裸鰆）,2黑板料理,單點刺身/壽司/黑板料理,
節瓜半份（兌換）,節瓜半份（兌換）,9其他,折扣區,
白肉梭（姬鯛）,白肉梭（姬鯛）,2黑板料理,魚類,
小章魚,小章魚,2黑板料理,季節食材/黑板菜單,
花枝,花枝,2黑板料理,單點刺身/壽司/黑板料理,
花枝頭,花枝頭,2黑板料理,季節食材/黑板菜單,
主廚隱藏版握壽司（兌換）,主廚隱藏版握壽司（兌換）,9其他,折扣區,
黃姑魚（春子）,黃姑魚（春子）,2黑板料理,魚類,
季節時蔬（兌換）,季節時蔬（兌換）-,9其他,折扣區,
深夜限定餐點（兌換）,深夜限定餐點（兌換）-,9其他,折扣區,
金門蟹,金門蟹-,2黑板料理,蝦蟹類,
酒蒸小卷,酒蒸小卷-,2黑板料理,季節食材/黑板菜單,
威士忌/單杯,威士忌/單杯-,6酒水,西洋酒,
焙茶巴斯克蛋糕,焙茶巴斯克蛋糕-,4配菜,甜點,
Kiss（鱚）魚,Kiss（鱚）魚-,2黑板料理,魚類,
松川鰈/生,松川鰈/生-,2黑板料理,單點刺身/壽司/黑板料理,
屠夫肉（牛橫膈膜）,屠夫肉（牛橫膈膜）-,2黑板料理,季節食材/黑板菜單,
義大利 曼時 油王 特級初榨橄欖油/瓶(750ml),義大利 曼時 油王 特級初榨橄欖油/瓶(750ml)-,9其他,搭伙伴,
主廚特製餐點（威秀）,主廚特製餐點（威秀）-,9其他,折扣區,
虎蝦,虎蝦-,2黑板料理,蝦蟹類,
湯葉,湯葉-,2黑板料理,蝦蟹類,
主廚特製餐點（兌換）,主廚特製餐點（兌換）-,9其他,折扣區,
長崎 小長井生蠔,長崎 小長井生蠔-,2黑板料理,單點刺身/壽司/黑板料理,
角蝦,角蝦-,2黑板料理,蝦蟹類,
佐賀 生蠔,佐賀 生蠔-,2黑板料理,單點刺身/壽司/黑板料理,
高部魚,高部魚-,2黑板料理,魚類,
大山 特別純米 十水 無濾過生原酒,大山 特別純米 十水 無濾過生原酒-,6酒水,東洋酒,
嘉美心 純米大吟釀【心】,嘉美心 純米大吟釀【心】-,6酒水,東洋酒,
若戎義左衛門 貴釀酒,若戎義左衛門 貴釀酒-,6酒水,東洋酒,
浦霞 純米吟釀 NO.12,浦霞 純米吟釀 NO.12-,6酒水,東洋酒,
春鹿 櫻 純米生原酒,春鹿 櫻 純米生原酒-,6酒水,東洋酒,
A5菲力和牛,A5菲力和牛-,2黑板料理,季節食材/黑板菜單,
目光魚,目光魚-,2黑板料理,魚類,
海藻,海藻-,2黑板料理,季節食材/黑板菜單,
活小卷,活小卷-,2黑板料理,單點刺身/壽司/黑板料理,
白蝦,白蝦-,2黑板料理,單點刺身/壽司/黑板料理,
鳥貝,鳥貝-,2黑板料理,單點刺身/壽司/黑板料理,
起司味噌漬半份（兌換）,起司味噌漬半份（兌換）-,9其他,折扣區,
酒類9折,酒類9折-,9其他,折扣區,
麝香白和,麝香白和-,4配菜,前菜/酒餚（菜單）,
魷魚絲天婦羅（兌換）,魷魚絲天婦羅（兌換）-,9其他,折扣區,
酒類7折,酒類7折-,9其他,折扣區,
中卷煙燻甜椒醬,中卷煙燻甜椒醬-,2黑板料理,季節食材/黑板菜單,
小黃瓜金山寺味噌,小黃瓜金山寺味噌-,2黑板料理,前菜沙拉/黑板料理,
成人快樂水1杯（兌換）,成人快樂水1杯（兌換）-,9其他,折扣區,
赤煮牛肉,赤煮牛肉-,2黑板料理,季節食材/黑板菜單,
白鰻,白鰻-,2黑板料理,烤物/黑板料理,
青雞魚,青雞魚-,2黑板料理,單點刺身/壽司/黑板料理,
牛角貝,牛角貝-,2黑板料理,魚類,
炸吸盤,炸吸盤-,2黑板料理,季節食材/黑板菜單,
韓國Cass啤酒,韓國Cass啤酒-,6酒水,啤酒,
牡蠣,牡蠣-,2黑板料理,季節食材/黑板菜單,
梅柚醉,梅柚醉-,6酒水,東洋酒,
青武鯛（鸚哥魚）,青武鯛（鸚哥魚）-,2黑板料理,魚類,
可樂1杯（兌換）,可樂1杯（兌換）-,9其他,活動贈品,
東京三倍體 生蠔,東京三倍體 生蠔-,2黑板料理,單點刺身/壽司/黑板料理,
燕魚,燕魚-,2黑板料理,單點刺身/壽司/黑板料理,
白鯧,白鯧-,2黑板料理,單點刺身/壽司/黑板料理,
XO 夜貓飯,XO 夜貓飯-,5主食,食事（菜單）,
匠‧選六貫握壽司,匠‧選六貫握壽司-,1壽司刺身,手卷/壽司（菜單）,
七夜鹹香肉,七夜鹹香肉-,3烤炸串,烤物/串燒（菜單）,
夜見‧味噌雞丼,夜見‧味噌雞丼-,5主食,食事（菜單）,
刺身盛合九切,刺身盛合九切-,1壽司刺身,刺身/蓋飯（菜單）,
布拉塔沙拉,布拉塔沙拉-,4配菜,前菜/酒餚（菜單）,
旬·極選十五切,旬·極選十五切-,1壽司刺身,刺身/蓋飯（菜單）,
海膽手捲（闕哥招待）,海膽手捲（闕哥招待）-,9其他,活動贈品,
牛舌凍,牛舌凍-,2黑板料理,前菜沙拉/黑板料理,
稻荷．三重奏,稻荷．三重奏-,1壽司刺身,手卷/壽司（菜單）,
紫蘇雞腿燒,紫蘇雞腿燒-,3烤炸串,烤物/串燒（菜單）,
胡麻豆腐．二十三 /粒,胡麻豆腐．二十三 /粒-,3烤炸串,揚物（菜單）,
酒香起司燒,酒香起司燒-,4配菜,前菜/酒餚（菜單）,
阿根廷 特濃情,阿根廷 特濃情-,6酒水,西洋酒,
雪濃．牛尾湯,雪濃．牛尾湯-,5主食,食事（菜單）,
松茸,松茸-,2黑板料理,季節食材/黑板菜單,
安藝虎 素 純米吟釀 發泡生酒,安藝虎 素 純米吟釀 發泡生酒-,6酒水,東洋酒,
田光 純米酒,田光 純米酒-,6酒水,東洋酒,
鳳凰美田 2025 Annivesary,鳳凰美田 2025 Annivesary-,6酒水,東洋酒,
文佳人 Liseur 純米吟釀,文佳人 Liseur 純米吟釀-,6酒水,東洋酒,
神秘特調（兌換）,神秘特調（兌換）-,9其他,活動贈品,
鴨肝,鴨肝-,2黑板料理,季節食材/黑板菜單,
日日 山田錦 生酛仕込,日日 山田錦 生酛仕込-,6酒水,東洋酒,
赤翅,赤翅-,2黑板料理,魚類,
天使貝（玉米貝）,天使貝（玉米貝）-,2黑板料理,季節食材/黑板菜單,
秋姑/生,秋姑/生-,2黑板料理,單點刺身/壽司/黑板料理,
銀鮫,銀鮫-,2黑板料理,魚類,
串燒2重湊,串燒2重湊-,2黑板料理,烤物/黑板料理,
八海山 純米大吟釀,八海山 純米大吟釀-,6酒水,東洋酒,
盲盒天婦羅,盲盒天婦羅-,2黑板料理,揚物/黑板料理,
魚頭味噌,魚頭味噌-,2黑板料理,季節食材/黑板菜單,
八海山 特別本釀造,八海山 特別本釀造-,6酒水,東洋酒,
山藥細麵,山藥細麵-,2黑板料理,前菜沙拉/黑板料理,
赤筆（笛鯛）,赤筆（笛鯛）-,2黑板料理,魚類,
八海山 特別純米,八海山 特別純米-,6酒水,東洋酒,
朗登堡 超級波爾多 紅酒,朗登堡 超級波爾多 紅酒-,6酒水,西洋酒,
隱藏版海鱻丼,隱藏版海鱻丼-,2黑板料理,單點刺身/壽司/黑板料理,
*中捲煙燻甜椒醬,*中捲煙燻甜椒醬-,8外帶送,uber eat,
*炒日式讚岐烏龍,*炒日式讚岐烏龍-,8外帶送,uber eat,
*赤煮牛肉,*赤煮牛肉-,8外帶送,uber eat,
海鮮寄世鍋,海鮮寄世鍋-,4配菜,吸物/鍋物（菜單）,
鱚魚（沙梭）,鱚魚（沙梭）-,2黑板料理,魚類,
*夜見．味噌雞丼,*夜見．味噌雞丼-,8外帶送,uber eat,
*胡麻豆腐．二十三,*胡麻豆腐．二十三-,8外帶送,uber eat,
加購和牛肉片,加購和牛肉片-,4配菜,吸物/鍋物（菜單）,
笛鯛,笛鯛-,2黑板料理,魚類,
*旬．極選十五切,*旬．極選十五切-,8外帶送,uber eat,
*蛤蠣精力湯,*蛤蠣精力湯-,8外帶送,uber eat,
河豚,河豚-,2黑板料理,季節食材/黑板菜單,
蔬菜拼盤雜炊,蔬菜拼盤雜炊-,4配菜,吸物/鍋物（菜單）,
日本和牛鍋,日本和牛鍋-,4配菜,吸物/鍋物（菜單）,
蜜柑鮭魚果醋,蜜柑鮭魚果醋-,2黑板料理,前菜沙拉/黑板料理,
*X.O.夜貓飯,*X.O.夜貓飯-,8外帶送,uber eat,
*酒香起司燒,*酒香起司燒-,8外帶送,uber eat,
特製散壽司（5：30～7點限定）,特製散壽司（5：30～7點限定）-,2黑板料理,單點刺身/壽司/黑板料理,
*七夜．鹹香肉,*七夜．鹹香肉-,8外帶送,uber eat,
FB、IG抽獎文兌換握壽司,FB、IG抽獎文兌換握壽司-,9其他,活動贈品,
皇家禮炮 21年,皇家禮炮 21年-,6酒水,西洋酒,
*刺身盛和9切,*刺身盛和9切-,8外帶送,uber eat,
XR 21年,XR 21年-,6酒水,西洋酒,
香師父原萃滴雞精,香師父原萃滴雞精-,9其他,年菜,
*魷魚絲天婦羅,*魷魚絲天婦羅-,8外帶送,uber eat,
大山 特別純米 十水,大山 特別純米 十水-,6酒水,東洋酒,
覆盆子冰淇淋,覆盆子冰淇淋-,4配菜,甜點,
一之藏 鈴音和雅 清酒,一之藏 鈴音和雅 清酒-,6酒水,東洋酒,
法螺,法螺-,2黑板料理,單點刺身/壽司/黑板料理,
嘉美心 冬之月 純米吟釀 生酒,嘉美心 冬之月 純米吟釀 生酒-,6酒水,東洋酒,
澤乃井 純米吟釀 生酒,澤乃井 純米吟釀 生酒-,6酒水,東洋酒,
*紫蘇雞腿燒,*紫蘇雞腿燒-,8外帶送,uber eat,2026-01-26
*山藥明太燒,*山藥明太燒-,8外帶送,uber eat,2026-01-26
